-- ============================================================
-- MyTube - Base de Dados Consolidada (arquivo único)
-- ============================================================
-- Todas as tabelas, dados, índices e constraints num só ficheiro.
-- SEM triggers - os contadores são geridos via PHP nas APIs.
--
-- phpMyAdmin SQL Dump - version 5.2.1
-- Host: 127.0.0.1
-- Server version: 10.4.32-MariaDB
-- PHP Version: 8.2.12
--
-- Tabelas: users, videos, video_likes, video_views, comments,
--          comment_likes, follows, shares, notifications,
--          chats, chat_participants, conversations, messages,
--          message_reactions, typing_status, user_online_status
-- ============================================================

SET SQL_MODE = "NO_AUTO_VALUE_ON_ZERO";
START TRANSACTION;
SET time_zone = "+00:00";


/*!40101 SET @OLD_CHARACTER_SET_CLIENT=@@CHARACTER_SET_CLIENT */;
/*!40101 SET @OLD_CHARACTER_SET_RESULTS=@@CHARACTER_SET_RESULTS */;
/*!40101 SET @OLD_COLLATION_CONNECTION=@@COLLATION_CONNECTION */;
/*!40101 SET NAMES utf8mb4 */;

--
-- Database: `mytube_db`
--

-- --------------------------------------------------------

--
-- Table structure for table `chats`
--

CREATE TABLE `chats` (
  `id` int(11) NOT NULL,
  `name` varchar(100) DEFAULT NULL,
  `is_group` tinyint(1) DEFAULT 0,
  `created_by` int(11) DEFAULT NULL,
  `created_at` timestamp NOT NULL DEFAULT current_timestamp(),
  `updated_at` timestamp NOT NULL DEFAULT current_timestamp() ON UPDATE current_timestamp()
) ENGINE=InnoDB DEFAULT CHARSET=utf8mb4 COLLATE=utf8mb4_unicode_ci;

--
-- Dumping data for table `chats`
--

INSERT INTO `chats` (`id`, `name`, `is_group`, `created_by`, `created_at`, `updated_at`) VALUES
(1, 'Chat Global', 1, NULL, '2025-12-07 16:05:27', '2025-12-07 16:05:27');

-- --------------------------------------------------------

--
-- Table structure for table `chat_participants`
--

CREATE TABLE `chat_participants` (
  `id` int(11) NOT NULL,
  `chat_id` int(11) NOT NULL,
  `user_id` int(11) NOT NULL,
  `joined_at` timestamp NOT NULL DEFAULT current_timestamp(),
  `last_seen` timestamp NOT NULL DEFAULT current_timestamp()
) ENGINE=InnoDB DEFAULT CHARSET=utf8mb4 COLLATE=utf8mb4_unicode_ci;

-- --------------------------------------------------------

--
-- Table structure for table `comments`
--

CREATE TABLE `comments` (
  `id` bigint(20) UNSIGNED NOT NULL,
  `user_id` int(11) NOT NULL,
  `parent_comment_id` bigint(20) UNSIGNED DEFAULT NULL,
  `video_id` int(11) NOT NULL,
  `comment_text` text NOT NULL,
  `likes_count` int(11) DEFAULT 0,
  `created_at` timestamp NOT NULL DEFAULT current_timestamp(),
  `updated_at` timestamp NOT NULL DEFAULT current_timestamp() ON UPDATE current_timestamp()
) ENGINE=InnoDB DEFAULT CHARSET=utf8mb4 COLLATE=utf8mb4_unicode_ci;

--
-- Dumping data for table `comments`
--

INSERT INTO `comments` (`id`, `user_id`, `parent_comment_id`, `video_id`, `comment_text`, `likes_count`, `created_at`, `updated_at`) VALUES
(1, 3, NULL, 3, 'dfs', 0, '2026-01-11 13:29:13', '2026-01-29 11:43:59'),
(2, 1, NULL, 3, 'sadsa', 0, '2026-01-11 13:30:47', '2026-01-11 13:30:47'),
(3, 1, NULL, 3, 'sd', 0, '2026-01-11 13:30:50', '2026-01-11 13:30:50'),
(4, 1, NULL, 3, 'asd', 0, '2026-01-11 13:30:51', '2026-01-11 13:30:51'),
(5, 1, NULL, 3, 'sa', 1, '2026-01-11 13:31:11', '2026-01-11 13:31:38'),
(6, 1, NULL, 3, 'Ultimoa', 2, '2026-01-11 13:31:23', '2026-01-11 13:32:56'),
(7, 3, NULL, 3, 'e', 0, '2026-01-11 13:32:36', '2026-01-11 13:32:36'),
(8, 3, NULL, 3, 'wr', 1, '2026-01-11 13:32:41', '2026-01-11 13:33:16'),
(9, 3, NULL, 3, 'Skeny', 1, '2026-01-11 13:32:50', '2026-01-11 13:33:17'),
(10, 3, NULL, 2, 'çoç', 0, '2026-01-11 13:34:01', '2026-01-11 13:34:01'),
(11, 3, NULL, 2, 'sa', 0, '2026-01-11 13:35:03', '2026-01-11 13:35:03'),
(12, 3, NULL, 4, 'as', 0, '2026-01-11 13:38:32', '2026-01-11 13:38:32'),
(13, 3, NULL, 2, 'sda', 0, '2026-01-11 13:41:18', '2026-01-11 13:41:18'),
(14, 3, NULL, 2, 'Skeny', 1, '2026-01-11 13:41:24', '2026-01-11 13:41:27'),
(15, 3, 13, 2, 'gfd', 0, '2026-01-11 13:41:51', '2026-01-11 13:41:51'),
(16, 1, NULL, 3, 'vczx', 0, '2026-01-11 13:48:58', '2026-01-11 13:48:58'),
(17, 1, NULL, 3, 'vcxz', 0, '2026-01-11 13:49:23', '2026-01-11 13:49:23'),
(18, 3, NULL, 3, 'Boa', 0, '2026-01-11 13:59:34', '2026-01-11 13:59:34'),
(19, 3, NULL, 3, 'bv', 0, '2026-01-11 13:59:43', '2026-01-29 11:52:14'),
(20, 3, NULL, 4, 'Skeny', 1, '2026-01-11 14:12:39', '2026-01-11 14:21:12'),
(21, 1, NULL, 5, 'Agora', 1, '2026-01-11 14:17:55', '2026-01-11 14:17:57'),
(22, 1, 21, 5, 'Resopa\na', 1, '2026-01-11 14:18:03', '2026-01-29 09:40:17'),
(23, 1, NULL, 3, 'Nengue', 2, '2026-01-11 14:22:10', '2026-01-11 14:22:20'),
(24, 3, 23, 3, 'Fala ze', 1, '2026-01-11 14:22:25', '2026-01-11 14:22:41'),
(25, 1, 23, 3, 'nada', 1, '2026-01-11 14:22:56', '2026-01-29 09:21:34'),
(26, 1, 23, 3, 'Comeja', 0, '2026-01-11 14:25:15', '2026-01-11 14:25:15'),
(27, 3, NULL, 4, 'olol', 0, '2026-01-29 09:13:36', '2026-01-29 09:13:36'),
(28, 1, NULL, 5, 'sda', 0, '2026-01-29 09:13:46', '2026-01-29 09:13:46'),
(29, 3, NULL, 3, 'sdfsa', 1, '2026-01-29 09:15:16', '2026-01-29 12:13:47'),
(30, 1, NULL, 5, 'dfgd', 0, '2026-01-29 09:24:16', '2026-01-29 09:24:16'),
(31, 1, NULL, 5, 'Agora', 0, '2026-01-29 09:24:21', '2026-01-29 09:24:21'),
(32, 1, 31, 5, '121', 1, '2026-01-29 09:24:32', '2026-01-29 09:40:03'),
(33, 1, NULL, 5, 'ertg', 0, '2026-01-29 09:26:27', '2026-01-29 09:26:27'),
(34, 1, NULL, 5, '10 26', 0, '2026-01-29 09:26:44', '2026-01-29 09:26:44'),
(35, 1, NULL, 5, 'Now', 0, '2026-01-29 09:31:51', '2026-01-29 09:31:51'),
(36, 1, NULL, 5, '10 e 31', 1, '2026-01-29 09:32:01', '2026-01-29 09:36:50'),
(37, 1, NULL, 3, 'Comente Mobile', 0, '2026-01-29 09:42:41', '2026-01-29 11:52:12'),
(38, 1, NULL, 5, 'Agora', 0, '2026-01-29 09:46:59', '2026-01-29 09:46:59'),
(39, 1, NULL, 5, 'wsd', 0, '2026-01-29 10:04:47', '2026-01-29 10:04:47'),
(40, 1, NULL, 5, 'Agora', 1, '2026-01-29 10:04:54', '2026-01-29 11:09:11'),
(41, 1, NULL, 5, '11 07', 1, '2026-01-29 10:07:20', '2026-01-29 10:07:23'),
(42, 1, 40, 5, 'df', 0, '2026-01-29 10:07:26', '2026-01-29 10:07:26'),
(43, 3, NULL, 6, 'Primeiro a cmentar', 1, '2026-01-29 10:16:14', '2026-01-29 11:36:28'),
(44, 2, NULL, 6, 'Admin Comentou', 1, '2026-01-29 11:00:33', '2026-01-29 11:32:21'),
(45, 3, NULL, 4, 'Skeny 12 17', 2, '2026-01-29 11:17:52', '2026-01-29 11:18:24'),
(46, 3, NULL, 4, '12 18', 2, '2026-01-29 11:18:40', '2026-01-29 11:50:14'),
(47, 2, NULL, 2, 'jj', 1, '2026-01-29 11:19:17', '2026-01-29 11:46:16'),
(48, 2, NULL, 5, 'ter', 0, '2026-01-29 11:19:24', '2026-01-29 11:19:24'),
(49, 1, NULL, 5, 'err', 0, '2026-01-29 11:19:34', '2026-01-29 11:24:07'),
(50, 1, 49, 5, 'asd', 0, '2026-01-29 11:26:24', '2026-01-29 11:26:48'),
(51, 1, 50, 5, 'sd', 0, '2026-01-29 11:26:28', '2026-01-29 11:26:28'),
(52, 1, 50, 5, 'wq', 0, '2026-01-29 11:26:36', '2026-01-29 11:26:36'),
(53, 1, 50, 5, 'q', 0, '2026-01-29 11:26:42', '2026-01-29 11:26:42'),
(54, 1, 50, 5, 'qw', 0, '2026-01-29 11:27:07', '2026-01-29 11:27:07'),
(55, 1, 38, 5, 'qw', 0, '2026-01-29 11:27:17', '2026-01-29 11:27:17'),
(56, 1, 28, 5, 'we', 0, '2026-01-29 11:27:28', '2026-01-29 11:27:28'),
(57, 2, NULL, 6, 'as', 1, '2026-01-29 11:32:07', '2026-01-29 11:32:39'),
(58, 3, 43, 6, 'as', 0, '2026-01-29 11:36:21', '2026-01-29 11:36:21'),
(59, 3, NULL, 4, 'Novo', 1, '2026-01-29 11:46:36', '2026-01-29 11:49:34'),
(60, 3, NULL, 3, '13 e 12', 3, '2026-01-29 12:12:49', '2026-01-30 12:35:30'),
(61, 3, 60, 3, 'Resposta', 2, '2026-01-29 12:13:32', '2026-01-29 12:14:09'),
(62, 3, NULL, 3, 'a', 0, '2026-01-29 12:14:59', '2026-01-29 12:14:59'),
(63, 1, NULL, 3, 'aq', 0, '2026-01-29 12:15:33', '2026-01-29 12:15:33'),
(64, 1, NULL, 3, '13 17', 0, '2026-01-29 12:17:44', '2026-01-29 12:17:44'),
(65, 1, NULL, 5, '13 20565', 1, '2026-01-29 12:20:41', '2026-01-29 16:53:19'),
(66, 1, NULL, 3, '13 e 21', 0, '2026-01-29 12:21:18', '2026-01-29 12:21:30'),
(67, 3, 66, 3, 'Ecreve bem', 0, '2026-01-29 12:21:41', '2026-01-29 12:21:41'),
(68, 3, 2, 3, 'REsopsta', 0, '2026-01-29 12:22:11', '2026-01-29 12:22:11'),
(69, 2, NULL, 4, '13 23', 0, '2026-01-29 12:23:14', '2026-01-29 12:23:14'),
(70, 2, 12, 4, '13 23', 0, '2026-01-29 12:23:35', '2026-01-29 12:23:35'),
(71, 1, NULL, 3, '13 e 28', 0, '2026-01-29 12:28:12', '2026-01-29 12:28:12'),
(72, 1, 4, 3, '13 e 28', 0, '2026-01-29 12:28:26', '2026-01-29 12:28:26'),
(73, 1, 72, 3, '1232', 0, '2026-01-29 12:28:32', '2026-01-29 12:28:32'),
(74, 1, NULL, 3, '13 e 43', 0, '2026-01-29 12:43:52', '2026-01-29 12:43:52'),
(75, 3, NULL, 3, 'a', 0, '2026-01-29 12:44:03', '2026-01-29 12:44:03'),
(76, 3, NULL, 3, '13 e 53', 1, '2026-01-29 12:53:22', '2026-01-29 12:54:31'),
(77, 3, NULL, 3, '13 e 54', 1, '2026-01-29 12:54:09', '2026-01-29 13:03:01'),
(78, 3, NULL, 3, 'qwq', 2, '2026-01-29 13:03:11', '2026-01-29 13:07:47'),
(79, 1, 78, 3, 'Boa', 0, '2026-01-29 13:03:32', '2026-01-29 13:03:32'),
(80, 1, 77, 3, 'fsd', 0, '2026-01-29 13:08:11', '2026-01-29 13:08:11'),
(81, 1, 74, 3, 'as', 0, '2026-01-29 13:08:53', '2026-01-29 13:08:53'),
(82, 1, 81, 3, 'as', 0, '2026-01-29 13:08:57', '2026-01-29 13:08:57'),
(83, 1, 81, 3, 'as', 0, '2026-01-29 13:08:59', '2026-01-29 13:08:59'),
(84, 1, 81, 3, 'asa', 0, '2026-01-29 13:09:15', '2026-01-29 13:09:15'),
(85, 1, 64, 3, 'as', 0, '2026-01-29 13:09:38', '2026-01-29 13:09:38'),
(86, 1, 63, 3, 'qqas', 0, '2026-01-29 13:09:50', '2026-01-29 13:09:50'),
(87, 1, NULL, 3, 'asa', 1, '2026-01-29 13:10:37', '2026-01-29 13:10:48'),
(88, 1, 87, 3, 'Adicionei esse comentario', 0, '2026-01-29 13:13:02', '2026-01-29 13:13:02'),
(89, 1, 76, 3, '~qw', 0, '2026-01-29 13:17:53', '2026-01-29 13:17:53'),
(90, 3, NULL, 3, '14 e 19', 0, '2026-01-29 13:19:27', '2026-01-29 13:19:27'),
(91, 1, 90, 3, 'yha', 0, '2026-01-29 13:19:37', '2026-01-29 13:19:37'),
(92, 3, NULL, 3, 'as', 0, '2026-01-29 13:21:03', '2026-01-29 13:21:03'),
(93, 3, 92, 3, 'sa', 0, '2026-01-29 13:21:05', '2026-01-29 13:21:05'),
(94, 3, 57, 6, 'Novo', 0, '2026-01-29 13:26:02', '2026-01-29 13:26:02'),
(95, 1, NULL, 3, '14 e 26', 2, '2026-01-29 13:26:42', '2026-01-29 13:27:21'),
(96, 3, 95, 3, '14 e 26', 0, '2026-01-29 13:26:56', '2026-01-29 13:26:56'),
(97, 1, 95, 3, 'Res2', 0, '2026-01-29 13:28:04', '2026-01-29 13:28:04'),
(98, 1, 95, 3, 'Res3', 0, '2026-01-29 13:28:21', '2026-01-29 13:28:21'),
(99, 1, NULL, 3, '15 e 05', 1, '2026-01-29 14:05:57', '2026-01-29 14:06:35'),
(100, 3, 99, 3, 'Boa', 1, '2026-01-29 14:06:10', '2026-01-29 14:06:19'),
(101, 1, NULL, 3, '..', 1, '2026-01-29 14:11:44', '2026-01-29 14:50:20'),
(102, 3, 101, 3, 'asa', 0, '2026-01-29 14:50:36', '2026-01-29 14:50:36'),
(103, 2, NULL, 9, 'MAu yh', 1, '2026-01-29 16:23:32', '2026-01-29 16:23:36'),
(104, 1, NULL, 8, 'asa', 0, '2026-01-29 16:41:51', '2026-01-29 16:41:51'),
(105, 2, NULL, 8, 'wd', 0, '2026-01-29 17:57:58', '2026-01-29 17:57:58'),
(106, 3, NULL, 11, 'Skeny', 0, '2026-01-29 18:34:03', '2026-01-29 18:34:03'),
(107, 3, 106, 11, 'xe', 0, '2026-01-29 18:34:52', '2026-01-29 18:34:52'),
(108, 3, NULL, 7, 'as', 0, '2026-01-29 18:51:06', '2026-01-29 18:51:06'),
(109, 1, NULL, 14, 'Primeiro a comentareeee yh', 1, '2026-01-29 19:12:41', '2026-02-01 02:03:10'),
(110, 4, NULL, 13, 'as', 0, '2026-01-29 20:30:33', '2026-01-29 20:30:33'),
(111, 3, NULL, 7, '1', 0, '2026-01-29 20:44:51', '2026-01-29 20:44:51'),
(112, 3, 108, 7, '121', 0, '2026-01-29 20:45:02', '2026-01-29 20:45:02'),
(113, 3, 112, 7, 'as', 0, '2026-01-29 20:45:12', '2026-01-29 20:45:12'),
(114, 3, 108, 7, 'fdf', 0, '2026-01-29 20:45:37', '2026-01-29 20:45:37'),
(115, 3, 108, 7, 'Fim', 0, '2026-01-29 20:45:53', '2026-01-29 20:45:53'),
(116, 3, 112, 7, 'bv', 0, '2026-01-29 20:46:28', '2026-01-29 20:46:28'),
(117, 1, NULL, 8, 'ff', 0, '2026-01-29 20:50:54', '2026-01-29 20:50:54'),
(118, 3, NULL, 12, 'Primeiro comentário', 0, '2026-01-30 11:51:28', '2026-01-30 11:51:28'),
(119, 3, NULL, 12, 'asa', 0, '2026-01-30 11:52:15', '2026-01-30 11:52:15'),
(120, 3, NULL, 12, 'a', 2, '2026-01-30 11:56:32', '2026-02-01 10:35:10'),
(121, 3, NULL, 11, 'as', 0, '2026-01-30 11:56:45', '2026-01-30 11:56:45'),
(122, 3, NULL, 11, 'ASW', 0, '2026-01-30 11:57:08', '2026-01-30 11:57:08'),
(123, 3, NULL, 15, 'as', 0, '2026-01-30 12:00:22', '2026-01-30 12:00:22'),
(124, 1, NULL, 3, 'as', 0, '2026-01-30 12:07:05', '2026-01-30 12:07:05'),
(125, 3, NULL, 12, 'Teste', 0, '2026-01-30 12:20:27', '2026-01-30 12:20:27'),
(126, 3, NULL, 3, 'Mais', 0, '2026-01-30 12:22:29', '2026-01-30 12:22:29'),
(127, 1, 102, 3, 'as', 0, '2026-01-30 12:24:41', '2026-01-30 12:24:41'),
(128, 1, 102, 3, 'as', 0, '2026-01-30 12:24:45', '2026-01-30 12:24:45'),
(129, 1, 102, 3, 'as', 0, '2026-01-30 12:24:52', '2026-01-30 12:24:52'),
(130, 1, 123, 15, 'asa', 0, '2026-01-30 12:28:03', '2026-01-30 12:28:03'),
(131, 1, 130, 15, 'asa', 0, '2026-01-30 12:28:07', '2026-01-30 12:28:07'),
(132, 2, 98, 3, 'as', 0, '2026-01-30 12:29:53', '2026-01-30 12:29:53'),
(133, 2, 98, 3, 'sd', 0, '2026-01-30 12:30:09', '2026-01-30 12:30:09'),
(134, 2, 133, 3, 'adfawrerwrqrewqrwewqrwqrrqrwqrewqreawe', 0, '2026-01-30 12:30:26', '2026-01-30 12:30:26'),
(135, 2, 71, 3, '@Skeny António as', 0, '2026-01-30 12:33:15', '2026-01-30 12:33:15'),
(136, 2, 135, 3, '@Skeny António asa', 0, '2026-01-30 12:33:27', '2026-01-30 12:33:27'),
(137, 2, 136, 3, 'asa', 0, '2026-01-30 12:33:37', '2026-01-30 12:33:37'),
(138, 2, 62, 3, '@Testeuser as', 0, '2026-01-30 12:34:14', '2026-01-30 12:34:14'),
(139, 2, 61, 3, '@Testeuser asa', 0, '2026-01-30 12:34:33', '2026-01-30 12:34:33'),
(140, 2, 139, 3, '@Testeuser as', 0, '2026-01-30 12:35:13', '2026-01-30 12:35:13'),
(141, 2, 60, 3, '@Testeuser asa', 0, '2026-01-30 12:35:39', '2026-01-30 12:35:39'),
(142, 2, 98, 3, '@Skeny António as', 0, '2026-01-30 12:39:13', '2026-01-30 12:39:13'),
(143, 1, 142, 3, '@Skeny António asa', 0, '2026-01-30 12:39:26', '2026-01-30 12:39:26'),
(144, 2, 95, 3, '@Skeny António 13 44', 0, '2026-01-30 12:44:29', '2026-01-30 12:44:29'),
(145, 1, 144, 3, '@Admin yh mn', 0, '2026-01-30 12:44:46', '2026-01-30 12:44:46'),
(146, 1, 95, 3, '@Skeny António 13 e 45 agora', 0, '2026-01-30 12:45:04', '2026-01-30 12:45:04'),
(147, 1, 95, 3, '@Skeny António orroh', 0, '2026-01-30 12:45:43', '2026-01-30 12:45:43'),
(148, 1, 100, 3, '@Testeuser asa', 0, '2026-01-30 12:50:18', '2026-01-30 12:50:18'),
(149, 1, 99, 3, '@Skeny António asa', 0, '2026-01-30 12:50:30', '2026-01-30 12:50:30'),
(150, 1, 149, 3, '@Skeny António sa', 0, '2026-01-30 12:50:39', '2026-01-30 12:50:39'),
(151, 1, 99, 3, '@Skeny António wwd', 0, '2026-01-30 12:50:45', '2026-01-30 12:50:45'),
(152, 1, 99, 3, '@Skeny António gd', 0, '2026-01-30 12:50:49', '2026-01-30 12:50:49'),
(153, 2, 99, 3, '@Skeny António rf', 0, '2026-01-30 12:51:00', '2026-01-30 12:51:00'),
(154, 2, 99, 3, '@Skeny António rgfged', 0, '2026-01-30 12:52:19', '2026-01-30 12:52:19'),
(155, 2, 99, 3, '@Skeny António sw', 0, '2026-01-30 12:52:22', '2026-01-30 12:52:22'),
(156, 1, 99, 3, '@Skeny António fef', 0, '2026-01-30 12:52:26', '2026-01-30 12:52:26'),
(157, 1, 156, 3, '@Skeny António asda', 0, '2026-01-30 12:52:29', '2026-01-30 12:52:29'),
(158, 1, 155, 3, '@Admin as', 0, '2026-01-30 12:52:32', '2026-01-30 12:52:32'),
(159, 1, 99, 3, '@Skeny António 1', 0, '2026-01-30 12:53:21', '2026-01-30 12:53:21'),
(160, 1, 99, 3, '@Skeny António 2', 0, '2026-01-30 12:53:24', '2026-01-30 12:53:24'),
(161, 1, 99, 3, '@Skeny António 3', 0, '2026-01-30 12:53:27', '2026-01-30 12:53:27'),
(162, 1, 99, 3, '@Skeny António 23', 0, '2026-01-30 12:53:51', '2026-01-30 12:53:51'),
(163, 1, 99, 3, '@Skeny António 12', 0, '2026-01-30 12:53:54', '2026-01-30 12:53:54'),
(164, 1, 99, 3, '@Skeny António df', 0, '2026-01-30 12:54:10', '2026-01-30 12:54:10'),
(165, 1, 99, 3, '@Skeny António asdf', 0, '2026-01-30 12:54:14', '2026-01-30 12:54:14'),
(166, 1, 99, 3, '@Skeny António as', 0, '2026-01-30 12:54:18', '2026-01-30 12:54:18'),
(167, 1, 99, 3, '@Skeny António ad', 0, '2026-01-30 12:54:21', '2026-01-30 12:54:21'),
(168, 1, 99, 3, '@Skeny António we', 0, '2026-01-30 12:54:25', '2026-01-30 12:54:25'),
(169, 2, 99, 3, '@Skeny António ert', 0, '2026-01-30 12:54:43', '2026-01-30 12:54:43'),
(170, 2, NULL, 3, 'as', 0, '2026-01-30 13:00:14', '2026-01-30 13:00:14'),
(171, 1, NULL, 10, 'as', 0, '2026-02-01 00:30:21', '2026-02-01 00:30:21'),
(172, 3, NULL, 10, 'Agoar', 0, '2026-02-01 00:35:35', '2026-02-01 00:35:35'),
(173, 3, NULL, 10, 'asad', 0, '2026-02-01 00:35:40', '2026-02-01 00:35:40'),
(174, 3, NULL, 10, 'asda', 0, '2026-02-01 00:35:41', '2026-02-01 00:35:41'),
(175, 3, NULL, 10, 'wq', 0, '2026-02-01 00:35:42', '2026-02-01 00:35:42'),
(176, 1, NULL, 10, 'w', 0, '2026-02-01 00:35:51', '2026-02-01 00:35:51'),
(177, 1, 173, 10, '@Testeuser Responder', 0, '2026-02-01 00:35:58', '2026-02-01 00:35:58'),
(178, 1, 177, 10, '@Skeny António asd', 0, '2026-02-01 00:36:02', '2026-02-01 00:36:02'),
(179, 1, 178, 10, '@Skeny António dssa', 0, '2026-02-01 00:36:07', '2026-02-01 00:36:07'),
(180, 3, 177, 10, '@Skeny António sa', 0, '2026-02-01 00:36:12', '2026-02-01 00:36:12'),
(181, 1, 180, 10, '@Testeuser as', 0, '2026-02-01 00:40:38', '2026-02-01 00:40:38'),
(182, 3, 181, 10, '@Skeny António ws', 0, '2026-02-01 00:40:45', '2026-02-01 00:40:45'),
(183, 3, 182, 10, '@Testeuser Calma', 0, '2026-02-01 00:40:55', '2026-02-01 00:40:55'),
(184, 3, 181, 10, '@Skeny António 01 e 41', 0, '2026-02-01 00:41:11', '2026-02-01 00:41:11'),
(185, 1, 184, 10, '@Testeuser Fala ze', 0, '2026-02-01 00:41:23', '2026-02-01 00:41:23'),
(186, 3, 172, 10, '@Testeuser 1', 0, '2026-02-01 00:42:40', '2026-02-01 00:42:40'),
(187, 3, 172, 10, '@Testeuser 2', 0, '2026-02-01 00:42:43', '2026-02-01 00:42:43'),
(188, 1, 172, 10, '@Testeuser 3', 0, '2026-02-01 00:42:48', '2026-02-01 00:42:48'),
(189, 1, 176, 10, '@Skeny António 1', 0, '2026-02-01 00:48:36', '2026-02-01 00:48:36'),
(190, 1, 176, 10, '@Skeny António 2', 0, '2026-02-01 00:48:39', '2026-02-01 00:48:39'),
(191, 3, 176, 10, '@Skeny António 3', 0, '2026-02-01 00:48:43', '2026-02-01 00:48:43'),
(192, 3, 176, 10, '@Skeny António 4', 0, '2026-02-01 00:48:57', '2026-02-01 00:48:57'),
(193, 3, 176, 10, '@Skeny António 5', 0, '2026-02-01 00:49:00', '2026-02-01 00:49:00'),
(194, 1, 176, 10, '@Skeny António 6', 0, '2026-02-01 00:49:04', '2026-02-01 00:49:04'),
(195, 1, NULL, 6, 'Meu coment', 1, '2026-02-01 00:56:27', '2026-02-01 01:09:04'),
(196, 1, NULL, 6, 'la', 0, '2026-02-01 01:09:22', '2026-02-01 01:09:22'),
(197, 3, NULL, 6, 'Responde a esse z', 0, '2026-02-01 01:09:34', '2026-02-01 01:09:34'),
(198, 1, NULL, 6, 'Aqui', 0, '2026-02-01 01:10:02', '2026-02-01 01:10:02'),
(199, 1, 43, 6, '@Testeuser Aqui', 1, '2026-02-01 01:10:07', '2026-02-01 01:10:19'),
(200, 1, 199, 6, '@Skeny António as', 0, '2026-02-01 01:10:56', '2026-02-01 01:10:56'),
(201, 3, 200, 6, '@Skeny António xe', 0, '2026-02-01 01:11:19', '2026-02-01 01:11:19'),
(202, 3, NULL, 9, 'Novo', 1, '2026-02-01 01:17:29', '2026-02-01 01:18:04'),
(203, 3, NULL, 4, 'Comentei', 0, '2026-02-01 01:23:17', '2026-02-01 01:23:17'),
(204, 3, 12, 4, '@Testeuser Yha', 0, '2026-02-01 01:23:27', '2026-02-01 01:23:27'),
(205, 1, 204, 4, '@Testeuser Fala z', 1, '2026-02-01 01:23:50', '2026-02-01 01:26:01'),
(206, 3, 205, 4, '@Skeny António Responder', 0, '2026-02-01 01:28:38', '2026-02-01 01:28:38'),
(207, 3, 205, 4, '@Skeny António Xe', 0, '2026-02-01 01:28:57', '2026-02-01 01:28:57'),
(208, 1, 206, 4, '@Testeuser Nengue', 0, '2026-02-01 01:34:11', '2026-02-01 01:34:11'),
(209, 3, 208, 4, '@Skeny António Fala z', 0, '2026-02-01 01:34:51', '2026-02-01 01:34:51'),
(210, 3, 109, 14, '@Skeny António Fui eu z', 0, '2026-02-01 02:03:18', '2026-02-01 02:03:18'),
(211, 1, NULL, 16, 'Maluco', 0, '2026-02-01 02:05:48', '2026-02-01 02:05:48'),
(212, 1, 123, 15, '@Testeuser Nengue', 0, '2026-02-01 10:26:13', '2026-02-01 10:26:13'),
(213, 1, 118, 12, '@Testeuser nengue', 0, '2026-02-01 10:34:25', '2026-02-01 10:34:25'),
(214, 1, NULL, 16, 'dasd', 0, '2026-02-08 23:18:26', '2026-02-08 23:18:26');

-- --------------------------------------------------------

--
-- Table structure for table `comment_likes`
--

CREATE TABLE `comment_likes` (
  `id` int(11) NOT NULL,
  `user_id` int(11) NOT NULL,
  `comment_id` bigint(20) UNSIGNED DEFAULT NULL,
  `created_at` timestamp NOT NULL DEFAULT current_timestamp()
) ENGINE=InnoDB DEFAULT CHARSET=utf8mb4 COLLATE=utf8mb4_unicode_ci;

--
-- Dumping data for table `comment_likes`
--

INSERT INTO `comment_likes` (`id`, `user_id`, `comment_id`, `created_at`) VALUES
(1, 1, 6, '2026-01-11 13:31:37'),
(2, 1, 5, '2026-01-11 13:31:38'),
(3, 3, 6, '2026-01-11 13:32:56'),
(4, 3, 8, '2026-01-11 13:33:16'),
(5, 3, 9, '2026-01-11 13:33:17'),
(6, 3, 14, '2026-01-11 13:41:27'),
(7, 1, 21, '2026-01-11 14:17:57'),
(8, 3, 20, '2026-01-11 14:21:12'),
(9, 1, 23, '2026-01-11 14:22:11'),
(10, 3, 23, '2026-01-11 14:22:20'),
(11, 1, 24, '2026-01-11 14:22:41'),
(12, 1, 25, '2026-01-29 09:21:34'),
(13, 1, 36, '2026-01-29 09:36:50'),
(14, 1, 32, '2026-01-29 09:40:03'),
(15, 1, 22, '2026-01-29 09:40:17'),
(17, 1, 41, '2026-01-29 10:07:23'),
(18, 1, 40, '2026-01-29 11:09:11'),
(19, 2, 45, '2026-01-29 11:18:10'),
(20, 3, 45, '2026-01-29 11:18:24'),
(27, 2, 44, '2026-01-29 11:32:14'),
(29, 2, 57, '2026-01-29 11:32:39'),
(30, 3, 43, '2026-01-29 11:35:58'),
(35, 3, 47, '2026-01-29 11:46:16'),
(37, 3, 46, '2026-01-29 11:47:31'),
(38, 3, 59, '2026-01-29 11:49:34'),
(39, 2, 46, '2026-01-29 11:50:14'),
(44, 3, 60, '2026-01-29 12:12:52'),
(45, 1, 60, '2026-01-29 12:13:22'),
(46, 3, 61, '2026-01-29 12:13:37'),
(47, 1, 29, '2026-01-29 12:13:47'),
(48, 1, 61, '2026-01-29 12:14:09'),
(49, 1, 76, '2026-01-29 12:54:31'),
(50, 1, 77, '2026-01-29 13:03:01'),
(51, 1, 78, '2026-01-29 13:03:32'),
(52, 3, 78, '2026-01-29 13:07:47'),
(53, 3, 87, '2026-01-29 13:10:48'),
(54, 1, 95, '2026-01-29 13:27:16'),
(55, 3, 95, '2026-01-29 13:27:21'),
(56, 1, 100, '2026-01-29 14:06:19'),
(57, 3, 99, '2026-01-29 14:06:35'),
(58, 3, 101, '2026-01-29 14:50:20'),
(59, 3, 103, '2026-01-29 16:23:36'),
(60, 1, 65, '2026-01-29 16:53:19'),
(61, 2, 60, '2026-01-30 12:35:30'),
(66, 3, 195, '2026-02-01 01:09:04'),
(67, 3, 199, '2026-02-01 01:10:19'),
(68, 1, 202, '2026-02-01 01:18:04'),
(69, 3, 205, '2026-02-01 01:26:01'),
(70, 3, 120, '2026-02-01 02:02:54'),
(71, 3, 109, '2026-02-01 02:03:10'),
(72, 1, 120, '2026-02-01 10:35:10');

-- --------------------------------------------------------

--
-- Table structure for table `conversations`
--

CREATE TABLE `conversations` (
  `id` int(11) NOT NULL,
  `user1_id` int(11) NOT NULL,
  `user2_id` int(11) NOT NULL,
  `created_at` timestamp NOT NULL DEFAULT current_timestamp(),
  `updated_at` timestamp NOT NULL DEFAULT current_timestamp() ON UPDATE current_timestamp()
) ENGINE=InnoDB DEFAULT CHARSET=utf8mb4 COLLATE=utf8mb4_unicode_ci;

--
-- Dumping data for table `conversations`
--

INSERT INTO `conversations` (`id`, `user1_id`, `user2_id`, `created_at`, `updated_at`) VALUES
(1, 1, 2, '2026-02-01 13:14:53', '2026-02-02 19:16:11'),
(2, 2, 4, '2026-02-01 13:16:17', '2026-02-01 13:40:59'),
(3, 5, 4, '2026-02-01 13:49:03', '2026-02-01 13:54:22'),
(5, 6, 4, '2026-02-01 14:06:17', '2026-02-01 14:07:02'),
(6, 7, 4, '2026-02-01 14:08:51', '2026-02-01 15:34:33'),
(7, 7, 2, '2026-02-01 14:36:26', '2026-02-01 15:34:54'),
(8, 7, 1, '2026-02-01 14:45:55', '2026-02-01 17:11:43'),
(9, 7, 6, '2026-02-01 14:46:08', '2026-02-01 15:34:09'),
(10, 7, 5, '2026-02-01 14:46:43', '2026-02-01 15:34:00'),
(11, 3, 4, '2026-02-01 15:43:33', '2026-02-01 21:12:49'),
(12, 3, 2, '2026-02-01 15:43:42', '2026-02-01 21:13:42'),
(13, 1, 4, '2026-02-01 17:07:30', '2026-02-01 17:09:21'),
(14, 1, 3, '2026-02-01 17:07:35', '2026-02-02 19:16:37'),
(15, 3, 5, '2026-02-01 21:13:01', '2026-02-02 18:58:53');

-- --------------------------------------------------------

--
-- Table structure for table `follows`
--

CREATE TABLE `follows` (
  `id` int(11) NOT NULL,
  `follower_id` int(11) NOT NULL,
  `following_id` int(11) NOT NULL,
  `created_at` timestamp NOT NULL DEFAULT current_timestamp()
) ENGINE=InnoDB DEFAULT CHARSET=utf8mb4 COLLATE=utf8mb4_unicode_ci;

--
-- Dumping data for table `follows`
--

INSERT INTO `follows` (`id`, `follower_id`, `following_id`, `created_at`) VALUES
(9, 2, 3, '2026-01-29 18:50:18'),
(18, 3, 2, '2026-01-30 11:51:49'),
(31, 3, 1, '2026-02-01 13:15:15');

-- --------------------------------------------------------

--
-- Table structure for table `messages`
--

CREATE TABLE `messages` (
  `id` int(11) NOT NULL,
  `conversation_id` int(11) NOT NULL,
  `sender_id` int(11) NOT NULL,
  `receiver_id` int(11) NOT NULL,
  `message` text NOT NULL,
  `reply_to_message_id` int(11) DEFAULT NULL,
  `type` enum('text','audio','file','image','video','sticker') DEFAULT 'text',
  `file_url` varchar(500) DEFAULT NULL,
  `status` enum('sent','delivered','read') DEFAULT 'sent',
  `deleted_for_sender` tinyint(1) DEFAULT 0,
  `deleted_for_receiver` tinyint(1) DEFAULT 0,
  `deleted_for_all` tinyint(1) DEFAULT 0,
  `created_at` timestamp NOT NULL DEFAULT current_timestamp(),
  `updated_at` timestamp NOT NULL DEFAULT current_timestamp() ON UPDATE current_timestamp()
) ENGINE=InnoDB DEFAULT CHARSET=utf8mb4 COLLATE=utf8mb4_unicode_ci;

--
-- Dumping data for table `messages`
--

INSERT INTO `messages` (`id`, `conversation_id`, `sender_id`, `receiver_id`, `message`, `reply_to_message_id`, `type`, `file_url`, `status`, `deleted_for_sender`, `deleted_for_receiver`, `deleted_for_all`, `created_at`, `updated_at`) VALUES
(1, 1, 1, 2, 'Xe nengue', NULL, 'text', NULL, 'read', 0, 0, 0, '2026-02-01 13:14:53', '2026-02-01 13:15:40'),
(2, 2, 2, 4, 'x', NULL, 'text', NULL, 'read', 0, 0, 0, '2026-02-01 13:16:17', '2026-02-01 13:39:56'),
(3, 2, 2, 4, 'x', NULL, 'text', NULL, 'read', 0, 0, 0, '2026-02-01 13:16:19', '2026-02-01 13:39:56'),
(4, 1, 1, 2, 'as', NULL, 'text', NULL, 'read', 0, 0, 0, '2026-02-01 13:16:24', '2026-02-01 13:16:34'),
(5, 1, 2, 1, 'Fala', NULL, 'text', NULL, 'read', 0, 0, 0, '2026-02-01 13:17:53', '2026-02-01 13:17:54'),
(6, 1, 2, 1, 'Fala', NULL, 'text', NULL, 'read', 0, 0, 0, '2026-02-01 13:17:55', '2026-02-01 13:17:56'),
(7, 1, 1, 2, 'sas', NULL, 'text', NULL, 'read', 0, 0, 0, '2026-02-01 13:18:11', '2026-02-01 13:18:12'),
(8, 1, 1, 2, 'as', NULL, 'text', NULL, 'read', 0, 0, 0, '2026-02-01 13:18:12', '2026-02-01 13:18:13'),
(9, 2, 2, 4, 'Xe', NULL, 'text', NULL, 'read', 0, 0, 0, '2026-02-01 13:18:28', '2026-02-01 13:39:56'),
(10, 1, 1, 2, 'aw', NULL, 'text', NULL, 'read', 0, 0, 0, '2026-02-01 13:18:41', '2026-02-01 13:18:59'),
(11, 2, 4, 2, 'Fala z', NULL, 'text', NULL, 'read', 0, 0, 0, '2026-02-01 13:39:59', '2026-02-01 13:40:33'),
(12, 2, 4, 2, 'nada n', NULL, 'text', NULL, 'read', 0, 0, 0, '2026-02-01 13:40:59', '2026-02-01 13:41:00'),
(13, 3, 5, 4, 'x', NULL, 'text', NULL, 'read', 0, 0, 0, '2026-02-01 13:49:03', '2026-02-01 13:49:23'),
(15, 3, 4, 5, 'fl', NULL, 'text', NULL, 'read', 0, 0, 0, '2026-02-01 13:50:22', '2026-02-01 13:50:27'),
(18, 1, 1, 2, 'am', NULL, 'text', NULL, 'read', 0, 0, 0, '2026-02-01 13:53:29', '2026-02-01 21:13:47'),
(19, 3, 4, 5, 'k', NULL, 'text', NULL, 'sent', 0, 0, 0, '2026-02-01 13:53:49', '2026-02-01 13:53:49'),
(21, 3, 4, 5, 'fs', NULL, 'text', NULL, 'sent', 0, 0, 0, '2026-02-01 13:54:17', '2026-02-01 13:54:17'),
(22, 3, 4, 5, 'ewr', NULL, 'text', NULL, 'sent', 0, 0, 0, '2026-02-01 13:54:22', '2026-02-01 13:54:22'),
(23, 5, 6, 4, 'as', NULL, 'text', NULL, 'read', 0, 0, 0, '2026-02-01 14:06:17', '2026-02-01 14:06:53'),
(24, 5, 6, 4, 'de novo', NULL, 'text', NULL, 'read', 0, 0, 0, '2026-02-01 14:07:02', '2026-02-01 14:07:03'),
(25, 6, 7, 4, 'ss', NULL, 'text', NULL, 'read', 0, 0, 0, '2026-02-01 14:08:51', '2026-02-01 14:09:01'),
(26, 6, 7, 4, 'aasd', NULL, 'text', NULL, 'read', 0, 0, 0, '2026-02-01 14:08:53', '2026-02-01 14:09:01'),
(27, 6, 4, 7, 'Fala', NULL, 'text', NULL, 'read', 0, 0, 0, '2026-02-01 14:14:45', '2026-02-01 14:15:12'),
(28, 6, 4, 7, 'jhsda', NULL, 'text', NULL, 'read', 0, 0, 0, '2026-02-01 14:14:46', '2026-02-01 14:15:12'),
(29, 7, 7, 2, 'xe', NULL, 'text', NULL, 'read', 0, 0, 0, '2026-02-01 14:36:26', '2026-02-01 21:47:31'),
(30, 7, 7, 2, 'w', NULL, 'text', NULL, 'read', 0, 0, 0, '2026-02-01 14:39:19', '2026-02-01 21:47:31'),
(31, 7, 7, 2, 'as', NULL, 'text', NULL, 'read', 0, 0, 0, '2026-02-01 14:39:33', '2026-02-01 21:47:31'),
(32, 8, 7, 1, 'Fala z', NULL, 'text', NULL, 'read', 0, 0, 0, '2026-02-01 14:45:55', '2026-02-01 15:14:51'),
(33, 9, 7, 6, 'Maluco', NULL, 'text', NULL, 'sent', 0, 0, 0, '2026-02-01 14:46:08', '2026-02-01 14:46:08'),
(34, 9, 7, 6, 'asass', NULL, 'text', NULL, 'sent', 0, 0, 0, '2026-02-01 14:46:28', '2026-02-01 14:46:28'),
(35, 10, 7, 5, 'dsfd', NULL, 'text', NULL, 'sent', 0, 0, 0, '2026-02-01 14:46:43', '2026-02-01 14:46:43'),
(36, 8, 7, 1, 'nada', NULL, 'text', NULL, 'read', 0, 1, 0, '2026-02-01 15:15:15', '2026-02-01 15:15:23'),
(37, 1, 1, 2, 'e', NULL, 'text', NULL, 'read', 0, 0, 0, '2026-02-01 15:22:12', '2026-02-01 21:13:47'),
(38, 1, 1, 2, 'asda', NULL, 'text', NULL, 'read', 0, 0, 0, '2026-02-01 15:29:29', '2026-02-01 21:13:47'),
(39, 8, 1, 7, 'sdf', NULL, 'text', NULL, 'read', 0, 0, 0, '2026-02-01 15:29:33', '2026-02-01 15:32:40'),
(40, 1, 1, 2, 'sfdsda', NULL, 'text', NULL, 'read', 0, 0, 0, '2026-02-01 15:29:42', '2026-02-01 21:13:47'),
(41, 1, 1, 2, 'sdf', NULL, 'text', NULL, 'read', 0, 0, 0, '2026-02-01 15:29:49', '2026-02-01 21:13:47'),
(42, 1, 1, 2, 'dsfasdf', NULL, 'text', NULL, 'read', 0, 0, 0, '2026-02-01 15:29:59', '2026-02-01 21:13:47'),
(43, 8, 1, 7, 'sdfadf', NULL, 'text', NULL, 'read', 0, 0, 0, '2026-02-01 15:30:06', '2026-02-01 15:32:40'),
(44, 8, 1, 7, 'Now', NULL, 'text', NULL, 'read', 0, 0, 0, '2026-02-01 15:30:14', '2026-02-01 15:32:40'),
(45, 8, 7, 1, 'Falaz', NULL, 'text', NULL, 'read', 0, 0, 0, '2026-02-01 15:32:44', '2026-02-01 15:36:24'),
(46, 6, 7, 4, 'Fala novato', NULL, 'text', NULL, 'sent', 0, 0, 0, '2026-02-01 15:33:00', '2026-02-01 15:33:00'),
(47, 7, 7, 2, 'asas', NULL, 'text', NULL, 'read', 0, 0, 0, '2026-02-01 15:33:18', '2026-02-01 21:47:31'),
(48, 6, 7, 4, 'weqrew', NULL, 'text', NULL, 'sent', 0, 0, 0, '2026-02-01 15:33:46', '2026-02-01 15:33:46'),
(49, 7, 7, 2, 'asdew', NULL, 'text', NULL, 'read', 0, 0, 0, '2026-02-01 15:33:52', '2026-02-01 21:47:31'),
(50, 8, 7, 1, 'asdd', NULL, 'text', NULL, 'read', 0, 0, 0, '2026-02-01 15:33:56', '2026-02-01 15:36:24'),
(51, 10, 7, 5, 'DS', NULL, 'text', NULL, 'sent', 0, 0, 0, '2026-02-01 15:34:00', '2026-02-01 15:34:00'),
(52, 9, 7, 6, 'erwr', NULL, 'text', NULL, 'sent', 0, 0, 0, '2026-02-01 15:34:09', '2026-02-01 15:34:09'),
(53, 6, 7, 4, 'qweq', NULL, 'text', NULL, 'sent', 0, 0, 0, '2026-02-01 15:34:33', '2026-02-01 15:34:33'),
(54, 7, 7, 2, 'qweq', NULL, 'text', NULL, 'read', 0, 0, 0, '2026-02-01 15:34:54', '2026-02-01 21:47:31'),
(55, 8, 1, 7, 'qewq', NULL, 'text', NULL, 'sent', 0, 0, 0, '2026-02-01 15:36:25', '2026-02-01 15:36:25'),
(56, 1, 1, 2, 'qeqwe', NULL, 'text', NULL, 'read', 0, 0, 0, '2026-02-01 15:36:29', '2026-02-01 21:13:47'),
(57, 1, 1, 2, 'sss', NULL, 'text', NULL, 'read', 0, 0, 0, '2026-02-01 15:42:04', '2026-02-01 21:13:47'),
(58, 8, 1, 7, 'see', NULL, 'text', NULL, 'sent', 0, 0, 0, '2026-02-01 15:42:14', '2026-02-01 15:42:14'),
(59, 11, 3, 4, 'fghfhg', NULL, 'text', NULL, 'sent', 0, 0, 0, '2026-02-01 15:43:33', '2026-02-01 15:43:33'),
(60, 12, 3, 2, 'gfdsfg', NULL, 'text', NULL, 'read', 0, 0, 0, '2026-02-01 15:43:42', '2026-02-01 21:13:31'),
(61, 11, 3, 4, 'fhj', NULL, 'text', NULL, 'sent', 0, 0, 0, '2026-02-01 15:45:10', '2026-02-01 15:45:10'),
(62, 14, 1, 3, 'Fala ai mano', NULL, 'text', NULL, 'read', 0, 0, 0, '2026-02-01 17:07:46', '2026-02-01 17:13:16'),
(63, 13, 1, 4, 'Novato', NULL, 'text', NULL, 'sent', 0, 0, 0, '2026-02-01 17:09:21', '2026-02-01 17:09:21'),
(64, 8, 1, 7, 'd', NULL, 'text', NULL, 'sent', 0, 0, 0, '2026-02-01 17:11:43', '2026-02-01 17:11:43'),
(65, 14, 1, 3, 'Teste', NULL, 'text', NULL, 'read', 0, 0, 0, '2026-02-01 17:13:07', '2026-02-01 17:13:16'),
(66, 14, 3, 1, 'Fala z', NULL, 'text', NULL, 'read', 0, 0, 0, '2026-02-01 17:13:38', '2026-02-01 17:13:44'),
(67, 14, 3, 1, 'Estou online', NULL, 'text', NULL, 'read', 0, 0, 0, '2026-02-01 17:20:18', '2026-02-01 17:20:22'),
(68, 14, 3, 1, 'as', NULL, 'text', NULL, 'read', 0, 0, 0, '2026-02-01 17:24:54', '2026-02-01 17:24:59'),
(69, 14, 1, 3, 'asdsasdfdsfdasa', NULL, 'text', NULL, 'read', 0, 0, 0, '2026-02-01 18:00:41', '2026-02-01 18:00:57'),
(70, 14, 1, 3, 'fdss', NULL, 'text', NULL, 'read', 0, 0, 0, '2026-02-01 18:00:52', '2026-02-01 18:00:57'),
(71, 14, 3, 1, 'Fala z', NULL, 'text', NULL, 'read', 0, 0, 0, '2026-02-01 18:01:05', '2026-02-01 18:01:15'),
(72, 14, 3, 1, 'ere', NULL, 'text', NULL, 'read', 0, 0, 0, '2026-02-01 18:12:29', '2026-02-01 18:12:38'),
(73, 14, 1, 3, 'jjjjjjjjjjjjjjjjjjjjjjjjjjjjjjjjjjjjjjjjjjjjjjjjjjjjjjjjjjjjjjjjjjjjjjjjjjjjjjjjjjjjjjjjjjjjjjjjjjjjjjjjjjjjjjjjjjjjjaaaaaaaaaaaaaaaaaaaaaaaaaaaaaaaaaaaaaaaaaaaaaaaaaaaaaaaaaaaaaaaaaaaaaaaaaaaaaaaaaaaaaaaaaaaaaaaaaaaaaaaaaaaaaaaaaaaaaaaaaaaaaaaaaaaaaaaaaaaaaaaaaaaaaaaaaaaaaaaaaaaaaaaaaaaaaaaaaaaaaaaaaaaaaaaaaaaaaaaaaaaaaaaaaaaaaaa', NULL, 'text', NULL, 'read', 0, 0, 0, '2026-02-01 18:18:03', '2026-02-01 18:18:14'),
(74, 14, 3, 1, 'Malucoi', NULL, 'text', NULL, 'read', 0, 0, 0, '2026-02-01 18:22:37', '2026-02-01 18:24:13'),
(75, 14, 3, 1, 'aa', NULL, 'text', NULL, 'read', 0, 0, 0, '2026-02-01 18:22:49', '2026-02-01 18:24:13'),
(76, 14, 1, 3, 'ewds', NULL, 'text', NULL, 'read', 0, 0, 0, '2026-02-01 20:02:59', '2026-02-01 20:06:02'),
(77, 12, 3, 2, 'dsfd', NULL, 'text', NULL, 'read', 0, 0, 0, '2026-02-01 21:06:53', '2026-02-01 21:13:31'),
(78, 12, 3, 2, 'fds', NULL, 'text', NULL, 'read', 0, 0, 0, '2026-02-01 21:07:05', '2026-02-01 21:13:31'),
(79, 11, 3, 4, 'YH', NULL, 'text', NULL, 'sent', 0, 0, 0, '2026-02-01 21:12:49', '2026-02-01 21:12:49'),
(80, 15, 3, 5, 'FDG', NULL, 'text', NULL, 'sent', 0, 0, 0, '2026-02-01 21:13:03', '2026-02-01 21:13:03'),
(81, 12, 2, 3, 'SDADASDSADSA', NULL, 'text', NULL, 'read', 0, 0, 0, '2026-02-01 21:13:42', '2026-02-01 21:15:01'),
(82, 1, 2, 1, 'SAD', NULL, 'text', NULL, 'read', 0, 0, 0, '2026-02-01 21:14:04', '2026-02-01 21:14:15'),
(83, 14, 1, 3, 'dfd', NULL, 'text', NULL, 'read', 0, 0, 0, '2026-02-01 21:27:16', '2026-02-01 21:28:32'),
(84, 14, 3, 1, 'te', NULL, 'text', NULL, 'read', 0, 0, 0, '2026-02-01 21:28:35', '2026-02-02 17:33:37'),
(85, 14, 1, 3, 'Fala zaa', NULL, 'text', NULL, 'read', 0, 0, 0, '2026-02-02 17:34:25', '2026-02-02 17:34:59'),
(86, 14, 1, 3, 'xe', NULL, 'text', NULL, 'read', 0, 0, 0, '2026-02-02 17:42:21', '2026-02-02 17:42:29'),
(87, 14, 1, 3, 'xe', NULL, 'text', NULL, 'read', 0, 0, 0, '2026-02-02 17:42:34', '2026-02-02 17:43:08'),
(88, 14, 3, 1, 'Fala z', NULL, 'text', NULL, 'read', 0, 0, 0, '2026-02-02 17:42:46', '2026-02-02 17:42:55'),
(89, 14, 1, 3, 'zz', NULL, 'text', NULL, 'read', 0, 0, 0, '2026-02-02 17:44:17', '2026-02-02 17:44:30'),
(90, 14, 3, 1, 'aa', NULL, 'text', NULL, 'read', 0, 0, 0, '2026-02-02 17:44:42', '2026-02-02 17:44:53'),
(91, 14, 3, 1, 'a', NULL, 'text', NULL, 'read', 0, 0, 0, '2026-02-02 17:45:12', '2026-02-02 17:50:38'),
(92, 14, 3, 1, 'a', NULL, 'text', NULL, 'read', 0, 0, 0, '2026-02-02 17:45:15', '2026-02-02 17:50:38'),
(93, 14, 3, 1, 'asa', NULL, 'text', NULL, 'read', 0, 0, 0, '2026-02-02 17:50:32', '2026-02-02 17:50:38'),
(94, 14, 3, 1, 'Skeny', NULL, 'text', NULL, 'read', 0, 0, 0, '2026-02-02 17:50:49', '2026-02-02 17:50:54'),
(95, 14, 3, 1, 'asa', NULL, 'text', NULL, 'read', 0, 0, 0, '2026-02-02 17:52:33', '2026-02-02 17:53:29'),
(96, 14, 3, 1, 'sas', NULL, 'text', NULL, 'read', 0, 0, 0, '2026-02-02 17:52:35', '2026-02-02 17:53:29'),
(97, 14, 3, 1, 'asd', NULL, 'text', NULL, 'read', 0, 0, 0, '2026-02-02 17:52:39', '2026-02-02 17:53:29'),
(98, 14, 3, 1, 'SKenu', NULL, 'text', NULL, 'read', 0, 0, 0, '2026-02-02 17:52:42', '2026-02-02 17:53:29'),
(99, 14, 3, 1, 'sada', NULL, 'text', NULL, 'read', 0, 0, 0, '2026-02-02 17:52:45', '2026-02-02 17:53:29'),
(100, 14, 3, 1, 'sfsk', NULL, 'text', NULL, 'read', 0, 0, 0, '2026-02-02 17:52:48', '2026-02-02 17:53:29'),
(101, 14, 3, 1, 'erew', NULL, 'text', NULL, 'read', 0, 0, 0, '2026-02-02 17:52:51', '2026-02-02 17:53:29'),
(102, 14, 3, 1, 'ASW', NULL, 'text', NULL, 'read', 0, 0, 0, '2026-02-02 17:52:54', '2026-02-02 17:53:29'),
(103, 14, 1, 3, 'Yha', NULL, 'text', NULL, 'read', 0, 0, 0, '2026-02-02 17:58:39', '2026-02-02 17:58:42'),
(104, 14, 1, 3, 'dsads', NULL, 'text', NULL, 'read', 0, 0, 0, '2026-02-02 17:59:01', '2026-02-02 17:59:36'),
(105, 14, 1, 3, 'sad', NULL, 'text', NULL, 'read', 0, 0, 0, '2026-02-02 17:59:05', '2026-02-02 17:59:36'),
(106, 14, 1, 3, 'Yha', NULL, 'text', NULL, 'read', 0, 0, 0, '2026-02-02 17:59:11', '2026-02-02 17:59:36'),
(107, 14, 1, 3, 'Fala', NULL, 'text', NULL, 'read', 0, 0, 0, '2026-02-02 17:59:19', '2026-02-02 17:59:36'),
(108, 1, 1, 2, 'Fala', NULL, 'text', NULL, 'sent', 0, 0, 0, '2026-02-02 17:59:27', '2026-02-02 17:59:27'),
(109, 14, 3, 1, 'sa', NULL, 'text', NULL, 'read', 0, 0, 0, '2026-02-02 17:59:54', '2026-02-02 18:00:02'),
(110, 1, 1, 2, 'as', NULL, 'text', NULL, 'sent', 0, 0, 0, '2026-02-02 18:00:07', '2026-02-02 18:00:07'),
(111, 14, 1, 3, 'ASD', NULL, 'text', NULL, 'read', 0, 0, 0, '2026-02-02 18:00:11', '2026-02-02 18:00:13'),
(112, 14, 1, 3, 'as', NULL, 'text', NULL, 'read', 0, 0, 0, '2026-02-02 18:00:32', '2026-02-02 18:00:34'),
(113, 14, 1, 3, 'ASWE', NULL, 'text', NULL, 'read', 0, 0, 0, '2026-02-02 18:01:04', '2026-02-02 18:01:10'),
(114, 14, 1, 3, 'aa', NULL, 'text', NULL, 'read', 0, 0, 0, '2026-02-02 18:06:17', '2026-02-02 18:06:47'),
(115, 14, 1, 3, 'klkd', NULL, 'text', NULL, 'read', 0, 0, 0, '2026-02-02 18:06:22', '2026-02-02 18:06:47'),
(116, 14, 1, 3, 'sadada', NULL, 'text', NULL, 'read', 0, 0, 0, '2026-02-02 18:07:08', '2026-02-02 18:07:10'),
(117, 14, 3, 1, 'Debora Burity', NULL, 'text', NULL, 'read', 0, 0, 0, '2026-02-02 18:40:31', '2026-02-02 18:49:51'),
(118, 14, 3, 1, 'dfw', NULL, 'text', NULL, 'read', 0, 0, 0, '2026-02-02 18:42:19', '2026-02-02 18:49:51'),
(119, 14, 1, 3, 'asa', NULL, 'text', NULL, 'read', 0, 0, 0, '2026-02-02 18:53:41', '2026-02-02 18:53:45'),
(120, 14, 1, 3, 'dsa', NULL, 'text', NULL, 'read', 0, 0, 0, '2026-02-02 18:53:43', '2026-02-02 18:53:45'),
(121, 14, 3, 1, 'Fala', NULL, 'text', NULL, 'read', 0, 0, 0, '2026-02-02 18:53:54', '2026-02-02 18:54:10'),
(122, 14, 3, 1, 'asda', NULL, 'text', NULL, 'read', 0, 0, 0, '2026-02-02 18:53:56', '2026-02-02 18:54:10'),
(123, 14, 3, 1, 'weftwfds', NULL, 'text', NULL, 'read', 0, 0, 0, '2026-02-02 18:53:59', '2026-02-02 18:54:10'),
(124, 14, 3, 1, 'fsa', NULL, 'text', NULL, 'read', 0, 0, 0, '2026-02-02 18:54:04', '2026-02-02 18:54:10'),
(125, 1, 1, 2, 'fdsafsa', NULL, 'text', NULL, 'sent', 0, 0, 0, '2026-02-02 18:54:21', '2026-02-02 18:54:21'),
(126, 14, 1, 3, 'das', NULL, 'text', NULL, 'read', 0, 0, 0, '2026-02-02 18:54:36', '2026-02-02 18:54:41'),
(127, 14, 1, 3, 'asda', NULL, 'text', NULL, 'read', 0, 0, 0, '2026-02-02 18:54:52', '2026-02-02 18:55:04'),
(128, 14, 3, 1, 'df', NULL, 'text', NULL, 'read', 0, 0, 0, '2026-02-02 18:55:24', '2026-02-02 18:56:35'),
(129, 14, 3, 1, 'sdfs', NULL, 'text', NULL, 'read', 0, 0, 0, '2026-02-02 18:55:34', '2026-02-02 18:56:35'),
(130, 14, 3, 1, 'qwsdfsfsa', NULL, 'text', NULL, 'read', 0, 0, 0, '2026-02-02 18:56:00', '2026-02-02 18:56:35'),
(131, 14, 3, 1, 'dfsasdadasd', NULL, 'text', NULL, 'read', 0, 0, 0, '2026-02-02 18:56:02', '2026-02-02 18:56:35'),
(132, 14, 3, 1, 'dfewewew', NULL, 'text', NULL, 'read', 0, 0, 0, '2026-02-02 18:56:04', '2026-02-02 18:56:35'),
(133, 14, 3, 1, 'werwfrwrfwerfewrwerewwwrwrwrwdfw', NULL, 'text', NULL, 'read', 0, 0, 0, '2026-02-02 18:56:21', '2026-02-02 18:56:35'),
(134, 14, 3, 1, 'werfew', NULL, 'text', NULL, 'read', 0, 0, 0, '2026-02-02 18:56:24', '2026-02-02 18:56:35'),
(135, 14, 3, 1, 'ffewfrew', NULL, 'text', NULL, 'read', 0, 0, 0, '2026-02-02 18:56:24', '2026-02-02 18:56:35'),
(136, 14, 3, 1, 'sfewfewfr', NULL, 'text', NULL, 'read', 0, 0, 0, '2026-02-02 18:56:25', '2026-02-02 18:56:35'),
(137, 14, 3, 1, 'refewfewrflkjwafa', NULL, 'text', NULL, 'read', 0, 0, 0, '2026-02-02 18:56:26', '2026-02-02 18:56:35'),
(138, 14, 3, 1, 'fsdfkjesfefrelftew', NULL, 'text', NULL, 'read', 0, 0, 0, '2026-02-02 18:56:27', '2026-02-02 18:56:35'),
(139, 14, 1, 3, 'few', NULL, 'text', NULL, 'read', 0, 0, 0, '2026-02-02 18:56:33', '2026-02-02 18:56:55'),
(140, 14, 1, 3, 'fewe', NULL, 'text', NULL, 'read', 0, 0, 0, '2026-02-02 18:56:37', '2026-02-02 18:56:55'),
(141, 14, 1, 3, '~Fala z', NULL, 'text', NULL, 'read', 0, 0, 0, '2026-02-02 18:56:40', '2026-02-02 18:56:55'),
(142, 14, 3, 1, 'sadsadewqdewq', NULL, 'text', NULL, 'read', 0, 0, 0, '2026-02-02 18:57:26', '2026-02-02 18:57:33'),
(143, 14, 3, 1, 'gfddf', NULL, 'text', NULL, 'read', 0, 0, 0, '2026-02-02 18:57:29', '2026-02-02 18:57:33'),
(144, 14, 3, 1, 'ergter', NULL, 'text', NULL, 'read', 0, 0, 0, '2026-02-02 18:57:31', '2026-02-02 18:57:33'),
(145, 14, 1, 3, 'tfgererer', NULL, 'text', NULL, 'read', 0, 0, 0, '2026-02-02 18:57:38', '2026-02-02 18:59:03'),
(146, 14, 1, 3, 'egertgegergerg', NULL, 'text', NULL, 'read', 0, 0, 0, '2026-02-02 18:57:40', '2026-02-02 18:59:03'),
(147, 14, 1, 3, 'etgeerer', NULL, 'text', NULL, 'read', 0, 0, 0, '2026-02-02 18:57:42', '2026-02-02 18:59:03'),
(148, 14, 1, 3, 'fdseafd', NULL, 'text', NULL, 'read', 0, 0, 0, '2026-02-02 18:58:07', '2026-02-02 18:59:03'),
(149, 14, 1, 3, 'erfew', NULL, 'text', NULL, 'read', 0, 0, 0, '2026-02-02 18:58:12', '2026-02-02 18:59:03'),
(150, 14, 1, 3, 'fafs', NULL, 'text', NULL, 'read', 0, 0, 0, '2026-02-02 18:58:15', '2026-02-02 18:59:03'),
(151, 14, 1, 3, 'dsfds', NULL, 'text', NULL, 'read', 0, 0, 0, '2026-02-02 18:58:24', '2026-02-02 18:59:03'),
(152, 15, 3, 5, 'fds', NULL, 'text', NULL, 'sent', 0, 0, 0, '2026-02-02 18:58:31', '2026-02-02 18:58:31'),
(153, 15, 3, 5, 'eerew', NULL, 'text', NULL, 'sent', 0, 0, 0, '2026-02-02 18:58:38', '2026-02-02 18:58:38'),
(154, 15, 3, 5, 'ewreweweweweew', NULL, 'text', NULL, 'sent', 0, 0, 0, '2026-02-02 18:58:53', '2026-02-02 18:58:53'),
(155, 14, 3, 1, 'ew', NULL, 'text', NULL, 'read', 0, 0, 0, '2026-02-02 18:59:06', '2026-02-02 19:15:51'),
(156, 14, 3, 1, 'erfdfsadaD', NULL, 'text', NULL, 'read', 0, 0, 0, '2026-02-02 18:59:10', '2026-02-02 19:15:51'),
(157, 14, 3, 1, 'fsdfasdf', NULL, 'text', NULL, 'read', 0, 0, 0, '2026-02-02 18:59:14', '2026-02-02 19:15:51'),
(158, 14, 3, 1, 'sdffds', NULL, 'text', NULL, 'read', 0, 0, 0, '2026-02-02 18:59:20', '2026-02-02 19:15:51'),
(159, 14, 3, 1, 'sdfsdfsds', NULL, 'text', NULL, 'read', 0, 0, 0, '2026-02-02 18:59:24', '2026-02-02 19:15:51'),
(160, 14, 3, 1, 'asdfdsafdasfd', NULL, 'text', NULL, 'read', 0, 0, 0, '2026-02-02 18:59:31', '2026-02-02 19:15:51'),
(161, 14, 3, 1, 'gdsgdsgds', NULL, 'text', NULL, 'read', 0, 0, 0, '2026-02-02 18:59:37', '2026-02-02 19:15:51'),
(162, 14, 3, 1, 'rytreytre', NULL, 'text', NULL, 'read', 0, 0, 0, '2026-02-02 18:59:58', '2026-02-02 19:15:51'),
(163, 14, 3, 1, 'kooki', NULL, 'text', NULL, 'read', 0, 0, 0, '2026-02-02 19:00:01', '2026-02-02 19:15:51'),
(164, 14, 3, 1, 'iuiu', NULL, 'text', NULL, 'read', 0, 0, 0, '2026-02-02 19:00:04', '2026-02-02 19:15:51'),
(165, 14, 3, 1, 'rytur', NULL, 'text', NULL, 'read', 0, 0, 0, '2026-02-02 19:00:15', '2026-02-02 19:15:51'),
(166, 14, 3, 1, 'rt', NULL, 'text', NULL, 'read', 0, 0, 0, '2026-02-02 19:00:17', '2026-02-02 19:15:51'),
(167, 14, 3, 1, 'eue44', NULL, 'text', NULL, 'read', 0, 0, 0, '2026-02-02 19:00:28', '2026-02-02 19:15:51'),
(168, 14, 3, 1, 'dd', NULL, 'text', NULL, 'read', 0, 0, 0, '2026-02-02 19:15:46', '2026-02-02 19:15:51'),
(169, 1, 1, 2, 'sdassdsdfsdfsdfdsfdsfs', NULL, 'text', NULL, 'sent', 0, 0, 0, '2026-02-02 19:16:11', '2026-02-02 19:16:11'),
(170, 14, 1, 3, 'dfsdfsfsd', NULL, 'text', NULL, 'read', 0, 0, 0, '2026-02-02 19:16:17', '2026-02-02 19:16:22'),
(171, 14, 1, 3, 'sda', NULL, 'text', NULL, 'read', 0, 0, 0, '2026-02-02 19:16:37', '2026-02-02 19:16:40');

-- --------------------------------------------------------

--
-- Table structure for table `message_reactions`
--

CREATE TABLE `message_reactions` (
  `id` int(11) NOT NULL,
  `message_id` int(11) NOT NULL,
  `user_id` int(11) NOT NULL,
  `emoji` varchar(10) NOT NULL,
  `created_at` timestamp NOT NULL DEFAULT current_timestamp()
) ENGINE=InnoDB DEFAULT CHARSET=utf8mb4 COLLATE=utf8mb4_unicode_ci;

--
-- Dumping data for table `message_reactions`
--

INSERT INTO `message_reactions` (`id`, `message_id`, `user_id`, `emoji`, `created_at`) VALUES
(3, 88, 1, '😂', '2026-02-02 17:43:24'),
(5, 88, 3, '😂', '2026-02-02 17:43:29'),
(6, 168, 1, '😂', '2026-02-02 19:18:15'),
(7, 170, 3, '❤️', '2026-02-02 19:22:14'),
(8, 167, 3, '❤️', '2026-02-02 19:22:16'),
(9, 170, 1, '❤️', '2026-02-02 19:22:26');

-- --------------------------------------------------------

--
-- Table structure for table `notifications`
--

CREATE TABLE `notifications` (
  `id` int(11) NOT NULL,
  `user_id` int(11) NOT NULL,
  `actor_id` int(11) NOT NULL,
  `type` varchar(20) NOT NULL,
  `reference_id` int(11) DEFAULT NULL,
  `comment_id` int(11) DEFAULT NULL,
  `message` text DEFAULT NULL,
  `is_read` tinyint(1) DEFAULT 0,
  `created_at` timestamp NOT NULL DEFAULT current_timestamp()
) ENGINE=InnoDB DEFAULT CHARSET=utf8mb4 COLLATE=utf8mb4_unicode_ci;

--
-- Dumping data for table `notifications`
--

INSERT INTO `notifications` (`id`, `user_id`, `actor_id`, `type`, `reference_id`, `comment_id`, `message`, `is_read`, `created_at`) VALUES
(1, 2, 1, 'like', 10, NULL, NULL, 1, '2026-01-30 11:25:49'),
(2, 2, 3, 'like', 10, NULL, NULL, 1, '2026-01-30 11:32:35'),
(3, 2, 3, 'like', 13, NULL, NULL, 1, '2026-01-30 11:32:43'),
(4, 2, 3, 'like', 12, NULL, NULL, 1, '2026-01-30 11:43:11'),
(5, 2, 3, 'like', 12, NULL, NULL, 1, '2026-01-30 11:47:53'),
(6, 2, 3, 'follow', 3, NULL, NULL, 1, '2026-01-30 11:51:49'),
(7, 2, 3, 'like', 11, NULL, NULL, 1, '2026-01-30 11:57:02'),
(10, 2, 3, 'comment', 12, NULL, NULL, 1, '2026-01-30 12:20:27'),
(11, 2, 3, 'comment', 3, NULL, NULL, 1, '2026-01-30 12:22:29'),
(12, 2, 1, 'comment', 3, NULL, NULL, 1, '2026-01-30 12:24:41'),
(13, 3, 1, 'reply', 3, NULL, NULL, 1, '2026-01-30 12:24:41'),
(14, 2, 1, 'comment', 3, NULL, NULL, 1, '2026-01-30 12:24:45'),
(15, 3, 1, 'reply', 3, NULL, NULL, 1, '2026-01-30 12:24:45'),
(16, 2, 1, 'comment', 3, NULL, NULL, 1, '2026-01-30 12:24:52'),
(17, 3, 1, 'reply', 3, NULL, NULL, 1, '2026-01-30 12:24:52'),
(18, 2, 1, 'comment', 15, NULL, NULL, 1, '2026-01-30 12:28:03'),
(19, 3, 1, 'reply', 15, NULL, NULL, 1, '2026-01-30 12:28:03'),
(20, 2, 1, 'comment', 15, NULL, NULL, 1, '2026-01-30 12:28:07'),
(21, 1, 2, 'reply', 3, NULL, NULL, 1, '2026-01-30 12:29:53'),
(22, 1, 2, 'reply', 3, NULL, NULL, 1, '2026-01-30 12:30:09'),
(23, 1, 2, 'reply', 3, NULL, NULL, 1, '2026-01-30 12:33:15'),
(24, 3, 2, 'reply', 3, NULL, NULL, 1, '2026-01-30 12:34:14'),
(25, 3, 2, 'reply', 3, NULL, NULL, 1, '2026-01-30 12:34:33'),
(26, 3, 2, 'reply', 3, NULL, NULL, 1, '2026-01-30 12:35:39'),
(27, 1, 2, 'reply', 3, NULL, NULL, 1, '2026-01-30 12:39:13'),
(28, 2, 1, 'comment', 3, NULL, NULL, 1, '2026-01-30 12:39:26'),
(29, 1, 2, 'reply', 3, NULL, NULL, 1, '2026-01-30 12:44:29'),
(30, 2, 1, 'comment', 3, NULL, NULL, 1, '2026-01-30 12:44:46'),
(31, 2, 1, 'comment', 3, NULL, NULL, 1, '2026-01-30 12:45:04'),
(32, 2, 1, 'comment', 3, NULL, NULL, 1, '2026-01-30 12:45:43'),
(33, 2, 1, 'comment', 3, NULL, NULL, 1, '2026-01-30 12:50:18'),
(34, 3, 1, 'reply', 3, NULL, NULL, 1, '2026-01-30 12:50:18'),
(35, 2, 1, 'comment', 3, NULL, NULL, 1, '2026-01-30 12:50:30'),
(36, 2, 1, 'comment', 3, NULL, NULL, 1, '2026-01-30 12:50:39'),
(37, 2, 1, 'comment', 3, NULL, NULL, 1, '2026-01-30 12:50:45'),
(38, 2, 1, 'comment', 3, NULL, NULL, 1, '2026-01-30 12:50:49'),
(39, 1, 2, 'reply', 3, NULL, NULL, 1, '2026-01-30 12:51:00'),
(40, 1, 2, 'reply', 3, NULL, NULL, 1, '2026-01-30 12:52:19'),
(41, 1, 2, 'reply', 3, NULL, NULL, 1, '2026-01-30 12:52:22'),
(42, 2, 1, 'comment', 3, NULL, NULL, 1, '2026-01-30 12:52:26'),
(43, 2, 1, 'comment', 3, NULL, NULL, 1, '2026-01-30 12:52:29'),
(44, 2, 1, 'comment', 3, NULL, NULL, 1, '2026-01-30 12:52:32'),
(45, 2, 1, 'comment', 3, NULL, NULL, 1, '2026-01-30 12:53:21'),
(46, 2, 1, 'comment', 3, NULL, NULL, 1, '2026-01-30 12:53:24'),
(47, 2, 1, 'comment', 3, NULL, NULL, 1, '2026-01-30 12:53:27'),
(48, 2, 1, 'comment', 3, NULL, NULL, 1, '2026-01-30 12:53:51'),
(49, 2, 1, 'comment', 3, NULL, NULL, 1, '2026-01-30 12:53:54'),
(50, 2, 1, 'comment', 3, NULL, NULL, 1, '2026-01-30 12:54:10'),
(51, 2, 1, 'comment', 3, NULL, NULL, 1, '2026-01-30 12:54:14'),
(52, 2, 1, 'comment', 3, NULL, NULL, 1, '2026-01-30 12:54:18'),
(53, 2, 1, 'comment', 3, NULL, NULL, 1, '2026-01-30 12:54:22'),
(54, 2, 1, 'comment', 3, NULL, NULL, 1, '2026-01-30 12:54:25'),
(55, 1, 2, 'reply', 3, NULL, NULL, 1, '2026-01-30 12:54:43'),
(56, 2, 1, 'comment', 10, NULL, NULL, 1, '2026-02-01 00:30:21'),
(57, 2, 3, 'comment', 10, NULL, NULL, 1, '2026-02-01 00:35:35'),
(58, 2, 3, 'comment', 10, NULL, NULL, 1, '2026-02-01 00:35:40'),
(59, 2, 3, 'comment', 10, NULL, NULL, 1, '2026-02-01 00:35:41'),
(60, 2, 3, 'comment', 10, NULL, NULL, 1, '2026-02-01 00:35:42'),
(61, 2, 1, 'comment', 10, NULL, NULL, 1, '2026-02-01 00:35:51'),
(62, 2, 1, 'comment', 10, NULL, NULL, 1, '2026-02-01 00:35:58'),
(63, 3, 1, 'reply', 10, NULL, NULL, 1, '2026-02-01 00:35:58'),
(64, 2, 1, 'comment', 10, NULL, NULL, 1, '2026-02-01 00:36:02'),
(65, 2, 1, 'comment', 10, NULL, NULL, 1, '2026-02-01 00:36:07'),
(66, 2, 3, 'comment', 10, NULL, NULL, 1, '2026-02-01 00:36:12'),
(67, 1, 3, 'reply', 10, NULL, NULL, 1, '2026-02-01 00:36:12'),
(68, 2, 1, 'comment', 10, NULL, NULL, 1, '2026-02-01 00:40:38'),
(69, 3, 1, 'reply', 10, NULL, NULL, 1, '2026-02-01 00:40:38'),
(70, 2, 3, 'comment', 10, NULL, NULL, 1, '2026-02-01 00:40:45'),
(71, 1, 3, 'reply', 10, NULL, NULL, 1, '2026-02-01 00:40:45'),
(72, 2, 3, 'comment', 10, NULL, NULL, 1, '2026-02-01 00:40:55'),
(73, 2, 3, 'comment', 10, NULL, NULL, 1, '2026-02-01 00:41:11'),
(74, 1, 3, 'reply', 10, NULL, NULL, 1, '2026-02-01 00:41:11'),
(75, 2, 1, 'comment', 10, NULL, NULL, 1, '2026-02-01 00:41:23'),
(76, 3, 1, 'reply', 10, NULL, NULL, 1, '2026-02-01 00:41:23'),
(77, 2, 3, 'comment', 10, NULL, NULL, 1, '2026-02-01 00:42:40'),
(78, 2, 3, 'comment', 10, NULL, NULL, 1, '2026-02-01 00:42:43'),
(79, 2, 1, 'comment', 10, NULL, NULL, 1, '2026-02-01 00:42:48'),
(80, 3, 1, 'reply', 10, NULL, NULL, 1, '2026-02-01 00:42:48'),
(81, 2, 1, 'comment', 10, NULL, NULL, 1, '2026-02-01 00:48:36'),
(82, 2, 1, 'comment', 10, NULL, NULL, 1, '2026-02-01 00:48:39'),
(83, 2, 3, 'comment', 10, NULL, NULL, 1, '2026-02-01 00:48:43'),
(84, 1, 3, 'reply', 10, NULL, NULL, 1, '2026-02-01 00:48:43'),
(85, 2, 3, 'comment', 10, NULL, NULL, 1, '2026-02-01 00:48:57'),
(86, 1, 3, 'reply', 10, NULL, NULL, 1, '2026-02-01 00:48:57'),
(87, 2, 3, 'comment', 10, NULL, NULL, 1, '2026-02-01 00:49:00'),
(88, 1, 3, 'reply', 10, NULL, NULL, 1, '2026-02-01 00:49:00'),
(89, 2, 1, 'comment', 10, NULL, NULL, 1, '2026-02-01 00:49:04'),
(90, 1, 3, 'like', 6, NULL, NULL, 1, '2026-02-01 00:51:55'),
(91, 1, 3, 'comment_like', 6, NULL, NULL, 1, '2026-02-01 01:00:20'),
(92, 1, 3, 'comment_like', 6, NULL, NULL, 1, '2026-02-01 01:00:56'),
(93, 1, 3, 'comment_like', 6, NULL, NULL, 1, '2026-02-01 01:01:17'),
(94, 1, 3, 'comment_like', 6, 195, NULL, 1, '2026-02-01 01:09:04'),
(95, 1, 3, 'comment', 6, 197, NULL, 1, '2026-02-01 01:09:34'),
(96, 3, 1, 'reply', 6, 199, NULL, 1, '2026-02-01 01:10:07'),
(97, 1, 3, 'comment_like', 6, 199, NULL, 1, '2026-02-01 01:10:19'),
(98, 1, 3, 'comment', 6, 201, NULL, 1, '2026-02-01 01:11:19'),
(99, 1, 3, 'comment', 9, 202, NULL, 1, '2026-02-01 01:17:29'),
(100, 3, 1, 'comment_like', 9, 202, NULL, 1, '2026-02-01 01:18:04'),
(101, 1, 3, 'like', 4, NULL, NULL, 1, '2026-02-01 01:23:10'),
(102, 1, 3, 'comment', 4, 203, NULL, 1, '2026-02-01 01:23:17'),
(103, 1, 3, 'comment', 4, 204, NULL, 1, '2026-02-01 01:23:27'),
(104, 3, 1, 'reply', 4, 205, NULL, 1, '2026-02-01 01:23:50'),
(105, 1, 3, 'comment_like', 4, 205, NULL, 1, '2026-02-01 01:26:01'),
(106, 1, 3, 'comment', 4, 206, NULL, 1, '2026-02-01 01:28:38'),
(107, 1, 3, 'comment', 4, 207, NULL, 1, '2026-02-01 01:28:57'),
(108, 3, 1, 'reply', 4, 208, NULL, 1, '2026-02-01 01:34:11'),
(109, 1, 3, 'comment', 4, 209, NULL, 1, '2026-02-01 01:34:51'),
(110, 1, 3, 'comment_like', 14, 109, NULL, 1, '2026-02-01 02:03:10'),
(111, 2, 3, 'comment', 14, 210, NULL, 1, '2026-02-01 02:03:18'),
(112, 1, 3, 'reply', 14, 210, NULL, 1, '2026-02-01 02:03:18'),
(113, 3, 1, 'comment', 16, 211, NULL, 1, '2026-02-01 02:05:48'),
(114, 2, 1, 'comment', 15, 212, NULL, 1, '2026-02-01 10:26:13'),
(115, 3, 1, 'reply', 15, 212, NULL, 1, '2026-02-01 10:26:13'),
(116, 3, 1, 'like', 16, NULL, NULL, 1, '2026-02-01 10:26:54'),
(117, 3, 1, 'follow', 1, NULL, NULL, 1, '2026-02-01 10:33:41'),
(118, 2, 1, 'comment', 12, 213, NULL, 1, '2026-02-01 10:34:25'),
(119, 3, 1, 'reply', 12, 213, NULL, 1, '2026-02-01 10:34:25'),
(120, 3, 1, 'comment_like', 12, 120, NULL, 1, '2026-02-01 10:35:10'),
(121, 3, 1, 'follow', 1, NULL, NULL, 1, '2026-02-01 10:59:08'),
(122, 3, 1, 'like', 5, NULL, NULL, 1, '2026-02-01 11:33:25'),
(123, 2, 1, 'follow', 1, NULL, NULL, 1, '2026-02-01 11:39:33'),
(124, 2, 1, 'follow', 1, NULL, NULL, 1, '2026-02-01 11:39:52'),
(125, 2, 1, 'follow', 1, NULL, NULL, 1, '2026-02-01 11:42:08'),
(126, 2, 1, 'follow', 1, NULL, NULL, 1, '2026-02-01 11:42:12'),
(127, 2, 1, 'follow', 1, NULL, NULL, 1, '2026-02-01 11:43:41'),
(128, 2, 1, 'follow', 1, NULL, NULL, 1, '2026-02-01 11:43:43'),
(129, 1, 3, 'follow', 3, NULL, NULL, 1, '2026-02-01 13:15:15'),
(130, 2, 3, 'like', 10, NULL, NULL, 0, '2026-02-01 20:56:27'),
(131, 2, 3, 'like', 14, NULL, NULL, 0, '2026-02-02 18:42:10'),
(132, 3, 1, 'comment', 16, 214, NULL, 0, '2026-02-08 23:18:26');

-- --------------------------------------------------------

--
-- Table structure for table `shares`
--

CREATE TABLE `shares` (
  `id` int(11) NOT NULL,
  `video_id` int(11) NOT NULL,
  `user_id` int(11) NOT NULL,
  `platform` varchar(50) DEFAULT NULL,
  `shared_at` timestamp NOT NULL DEFAULT current_timestamp()
) ENGINE=InnoDB DEFAULT CHARSET=utf8mb4 COLLATE=utf8mb4_unicode_ci;

-- --------------------------------------------------------

--
-- Table structure for table `typing_status`
--

CREATE TABLE `typing_status` (
  `id` int(11) NOT NULL,
  `conversation_id` int(11) NOT NULL,
  `user_id` int(11) NOT NULL,
  `is_typing` tinyint(1) DEFAULT 0,
  `updated_at` timestamp NOT NULL DEFAULT current_timestamp() ON UPDATE current_timestamp()
) ENGINE=InnoDB DEFAULT CHARSET=utf8mb4 COLLATE=utf8mb4_unicode_ci;

--
-- Dumping data for table `typing_status`
--

INSERT INTO `typing_status` (`id`, `conversation_id`, `user_id`, `is_typing`, `updated_at`) VALUES
(1, 1, 1, 0, '2026-02-02 19:16:11'),
(3, 2, 2, 0, '2026-02-01 13:18:31'),
(9, 1, 2, 0, '2026-02-01 21:14:04'),
(25, 2, 4, 0, '2026-02-01 13:41:01'),
(31, 3, 5, 0, '2026-02-01 13:49:09'),
(36, 3, 4, 0, '2026-02-01 13:54:22'),
(54, 5, 6, 0, '2026-02-01 14:07:05'),
(59, 6, 7, 0, '2026-02-01 15:34:36'),
(62, 6, 4, 0, '2026-02-01 14:14:49'),
(66, 7, 7, 0, '2026-02-01 15:34:54'),
(72, 8, 7, 0, '2026-02-01 15:33:56'),
(73, 9, 7, 0, '2026-02-01 15:34:11'),
(76, 10, 7, 0, '2026-02-01 15:34:02'),
(85, 8, 1, 0, '2026-02-01 17:11:43'),
(132, 11, 3, 0, '2026-02-01 21:12:49'),
(134, 12, 3, 0, '2026-02-01 21:07:05'),
(140, 14, 1, 0, '2026-02-02 19:16:37'),
(143, 13, 1, 0, '2026-02-01 17:09:21'),
(152, 14, 3, 0, '2026-02-02 19:15:46'),
(285, 15, 3, 0, '2026-02-02 18:58:53'),
(288, 12, 2, 0, '2026-02-01 21:13:42');

-- --------------------------------------------------------

--
-- Table structure for table `users`
--

CREATE TABLE `users` (
  `id` int(11) NOT NULL,
  `username` varchar(50) NOT NULL,
  `email` varchar(100) NOT NULL,
  `password` varchar(255) NOT NULL,
  `full_name` varchar(100) NOT NULL,
  `bio` text DEFAULT NULL,
  `profile_picture` varchar(255) DEFAULT 'default.jpg',
  `followers_count` int(11) DEFAULT 0,
  `following_count` int(11) DEFAULT 0,
  `videos_count` int(11) DEFAULT 0,
  `is_verified` tinyint(1) DEFAULT 0,
  `created_at` timestamp NOT NULL DEFAULT current_timestamp(),
  `updated_at` timestamp NOT NULL DEFAULT current_timestamp() ON UPDATE current_timestamp()
) ENGINE=InnoDB DEFAULT CHARSET=utf8mb4 COLLATE=utf8mb4_unicode_ci;

--
-- Dumping data for table `users`
--

INSERT INTO `users` (`id`, `username`, `email`, `password`, `full_name`, `bio`, `profile_picture`, `followers_count`, `following_count`, `videos_count`, `is_verified`, `created_at`, `updated_at`) VALUES
(1, 'Skeny', 'skenito2@gmail.com', '$2y$10$M0zcX7k5w3TZiPUctngTHOHLSx.xlNk9XpnshNuvEUn7kdTW42F0m', 'Skeny António', 'Yh Hacker', 'user_1_1768139358.jpeg', 1, 0, 6, 0, '2025-12-07 16:06:29', '2026-02-08 23:18:01'),
(2, 'Admin', 'imperioanonimo123@gmail.com', '$2y$10$wtLUPVwFG1vXF4Z/KcZzK.Bhxdo5pBzHv9sAbqC7oEBTZNn0LHqXe', 'Admin', '', 'user_2_1769709141.jpg', 1, 1, 8, 0, '2025-12-07 16:07:56', '2026-02-08 23:18:01'),
(3, 'teste', 'teste@gmail.com', '$2y$10$j3S/DqYhzUJq3jKhqKdi9e4Xpf.LuSMBj.I3uP0MqR12fZqeeCMmu', 'Testeuser', '', 'user_3_1768137848.jpg', 1, 2, 2, 0, '2026-01-11 12:58:58', '2026-02-08 23:18:01'),
(4, 'novo', 'novo@gmail.com', '$2y$10$RU6S/hZiVU2zCA5fshvMW.EXnXm7ZtVeopPDpwpGWe4zuB5lilwmK', 'Novo Bemba', '', 'default.webp', 0, 0, 0, 0, '2026-01-29 20:11:33', '2026-01-29 20:37:57'),
(5, 'user', 'user@gmail.com', '$2y$10$3p/Ed2xpAoXqhMz/czH3M.r5ygEXyj0y6aSEXcdl6t7zgqIbrnXQa', 'user', NULL, 'default.jpg', 0, 0, 0, 0, '2026-02-01 13:48:42', '2026-02-01 13:48:42'),
(6, 'user1', 'user1@gmail.com', '$2y$10$uElhsExMBIgjawJpQiTEiuiuY2vKQ.YPpzN9gCkqStRrrW6TxUOH6', 'user1', NULL, 'default.jpg', 0, 0, 0, 0, '2026-02-01 13:52:58', '2026-02-01 13:52:58'),
(7, 'user2', 'user2@gmail.com', '$2y$10$DE/NCjKRriLVx2RjtxJapuSz3mh5IPcpo.ev4Axb5WjGzEJPKc26C', 'user2', NULL, 'default.jpg', 0, 0, 0, 0, '2026-02-01 14:08:09', '2026-02-01 14:08:09');

-- --------------------------------------------------------

--
-- Table structure for table `user_online_status`
--

CREATE TABLE `user_online_status` (
  `user_id` int(11) NOT NULL,
  `is_online` tinyint(1) DEFAULT 0,
  `last_seen` timestamp NOT NULL DEFAULT current_timestamp() ON UPDATE current_timestamp()
) ENGINE=InnoDB DEFAULT CHARSET=utf8mb4 COLLATE=utf8mb4_unicode_ci;

--
-- Dumping data for table `user_online_status`
--

INSERT INTO `user_online_status` (`user_id`, `is_online`, `last_seen`) VALUES
(5, 0, '2026-02-01 13:52:29'),
(6, 0, '2026-02-01 14:07:30'),
(4, 0, '2026-02-01 15:01:10'),
(7, 0, '2026-02-01 15:42:34'),
(2, 0, '2026-02-01 21:48:08'),
(3, 1, '2026-02-02 19:22:19'),
(1, 1, '2026-02-02 19:22:30');

-- --------------------------------------------------------

--
-- Table structure for table `videos`
--

CREATE TABLE `videos` (
  `id` int(11) NOT NULL,
  `user_id` int(11) NOT NULL,
  `title` varchar(255) NOT NULL,
  `description` text DEFAULT NULL,
  `video_path` varchar(255) NOT NULL,
  `thumbnail_path` varchar(255) DEFAULT NULL,
  `duration` int(11) DEFAULT NULL,
  `views_count` int(11) DEFAULT 0,
  `likes_count` int(11) DEFAULT 0,
  `comments_count` int(11) DEFAULT 0,
  `shares_count` int(11) DEFAULT 0,
  `is_public` tinyint(1) DEFAULT 1,
  `is_boosted` tinyint(1) NOT NULL DEFAULT 0,
  `hashtags` text DEFAULT NULL,
  `created_at` timestamp NOT NULL DEFAULT current_timestamp(),
  `updated_at` timestamp NOT NULL DEFAULT current_timestamp() ON UPDATE current_timestamp()
) ENGINE=InnoDB DEFAULT CHARSET=utf8mb4 COLLATE=utf8mb4_unicode_ci;

--
-- Dumping data for table `videos`
--

INSERT INTO `videos` (`id`, `user_id`, `title`, `description`, `video_path`, `thumbnail_path`, `duration`, `views_count`, `likes_count`, `comments_count`, `shares_count`, `is_public`, `is_boosted`, `hashtags`, `created_at`, `updated_at`) VALUES
(2, 1, 'AQP0TM3R5KtyHNNbdnKD1aktelVnBtCMF_RyVhfMp3wgNc7bGFSy5lpCAtpJlUsRj7QYMeGx1WAQXgFuQEybAFygufbI7MrDTMbH5nWhQQ', '', '6935a62798657_1765123623.mp4', NULL, NULL, 29, 2, 6, 0, 1, 0, '', '2025-12-07 16:07:03', '2026-02-02 18:35:15'),
(3, 2, 'Ubuntu-24.04 2025-12-04 15-25-37', '', '6935a807b8777_1765124103.mp4', NULL, NULL, 38, 2, 102, 0, 1, 0, '', '2025-12-07 16:15:03', '2026-02-08 23:18:18'),
(4, 1, 'AQOuRJnigTOpd63sYYaZpy7-sr_k-JOXJnoTzg0ZKljbDN1IBEpePWan5mkbjqIdappkK-Di89Q_imtZpM3KN2kO', '', '69639e4b153a9_1768136267.mp4', NULL, NULL, 33, 2, 15, 0, 1, 0, '', '2026-01-11 12:57:47', '2026-02-02 18:39:28'),
(5, 3, 'Download', '', '6963b0e89a27d_1768141032.mp4', NULL, NULL, 39, 2, 25, 0, 1, 0, '', '2026-01-11 14:17:12', '2026-02-08 23:26:51'),
(6, 1, 'AQNGaDvysYEZL59KBAJy44LWBn7l-FYggshsMu6U1YO4jLvyxZcHcLHr7pt1dQTxXZxBOS7tXHnjODA03UNUVyvwrOlF0ch45KxEITZBEA', '', '697b3346baf12_1769681734.mp4', NULL, NULL, 23, 2, 12, 0, 1, 0, '', '2026-01-29 10:15:34', '2026-02-01 20:52:16'),
(7, 1, 'snapsave-app_1332582468577630_hd', '', '697b6b107d917_1769696016.mp4', NULL, NULL, 20, 3, 7, 0, 1, 0, '', '2026-01-29 14:13:36', '2026-02-02 18:38:47'),
(8, 2, 'video', '', '697b79fce922a_1769699836.mp4', NULL, NULL, 19, 2, 3, 0, 1, 0, '', '2026-01-29 15:17:16', '2026-02-08 23:26:47'),
(9, 1, 'AQMWZ0qD2bmu-e2v9AfsqIZ_L-YJ2refb8epHUotPt7ioeSfAb92ZgX494AGa3NblFxFR7X9yXr927081gfbguPu1sYscm9bxZoLMrrxiQ', '', '697b7a304302c_1769699888.mp4', NULL, NULL, 19, 1, 2, 0, 1, 0, '', '2026-01-29 15:18:08', '2026-02-01 20:52:03'),
(10, 2, 'AQNVLXmeCIzJ5kxZggKG9FWlCG2SoIQGL0_1ARxZ3UwGypZfnXMpEPKL8fz5AcCAKwzSIwXoXSJ6E0mB0dfYgCRi', '', '697b9f8c19cd5_1769709452.mp4', NULL, NULL, 21, 2, 24, 0, 1, 0, '', '2026-01-29 17:57:32', '2026-02-01 20:56:27'),
(11, 2, 'AQMHtHJzlEXPwznN5lpbAANuuTjFJ5DpOtTJFz9jMve-IjmSVSAIl9p4KW_WEzn2sc_jiE-PP-BTMDdj9k7oWqMl', 'Descriçaooooooooo', '697ba1060cb02_1769709830.mp4', NULL, NULL, 17, 1, 4, 0, 1, 0, '', '2026-01-29 18:03:50', '2026-02-08 23:09:24'),
(12, 2, 'Jogador', 'Esse Jogador é muito mau', '697ba22f55c4d_1769710127.mp4', NULL, NULL, 18, 1, 5, 0, 1, 0, '', '2026-01-29 18:08:47', '2026-02-08 23:26:48'),
(13, 2, 'AQMAwCJzDY0ngpvQZDfv9Vt29CZyWjO1wN16G8NKGtLvfVOAYaqRg9yeD85yB4GxrNM4edlTJCxoiJEbuzDFQRnT - Copia', '', '697ba250e5737_1769710160.mp4', NULL, NULL, 15, 0, 1, 0, 1, 0, '', '2026-01-29 18:09:20', '2026-02-01 20:52:13'),
(14, 2, 'Download', '', '697ba2ee22001_1769710318.mp4', NULL, NULL, 16, 1, 2, 0, 1, 0, '#Messi', '2026-01-29 18:11:58', '2026-02-08 23:18:29'),
(15, 2, 'AQO5RYOjy4OAD2UMCfw3h0o21vlxyd243d6S32j6jndmPvf3hhgcN4WdTJpi4Hot8h3ou-pbqOdhdLQlE44-QU7y', '', '697bb75025044_1769715536.mp4', NULL, NULL, 15, 0, 4, 0, 1, 0, '', '2026-01-29 19:38:56', '2026-02-01 20:52:06'),
(16, 3, '72996af6-515c-4f32-87c7-0e3454a2bb31 - Copia', '', '697bbc92ea86c_1769716882.mp4', NULL, NULL, 16, 1, 2, 0, 1, 0, '', '2026-01-29 20:01:22', '2026-02-08 23:18:26'),
(17, 1, 'Bala de Sterling', '', '697c86ce738b0_1769768654.mp4', NULL, NULL, 12, 1, 0, 0, 1, '', '2026-01-30 10:24:14', '2026-02-02 18:39:31');

-- --------------------------------------------------------

--
-- Table structure for table `video_likes`
--

CREATE TABLE `video_likes` (
  `id` int(11) NOT NULL,
  `user_id` int(11) NOT NULL,
  `video_id` int(11) NOT NULL,
  `created_at` timestamp NOT NULL DEFAULT current_timestamp()
) ENGINE=InnoDB DEFAULT CHARSET=utf8mb4 COLLATE=utf8mb4_unicode_ci;

--
-- Dumping data for table `video_likes`
--

INSERT INTO `video_likes` (`id`, `user_id`, `video_id`, `created_at`) VALUES
(29, 3, 3, '2026-01-29 14:06:47'),
(40, 3, 2, '2026-01-29 14:39:10'),
(79, 2, 5, '2026-01-29 15:19:03'),
(84, 2, 4, '2026-01-29 15:28:12'),
(89, 2, 2, '2026-01-29 15:35:17'),
(90, 2, 7, '2026-01-29 15:35:23'),
(91, 2, 6, '2026-01-29 15:47:57'),
(93, 3, 9, '2026-01-29 16:23:57'),
(94, 1, 8, '2026-01-29 16:41:43'),
(95, 1, 3, '2026-01-29 16:56:29'),
(96, 2, 8, '2026-01-29 17:57:56'),
(98, 4, 7, '2026-01-29 20:38:23'),
(99, 3, 7, '2026-01-29 20:44:38'),
(100, 3, 17, '2026-01-30 10:27:09'),
(101, 1, 10, '2026-01-30 11:25:49'),
(105, 3, 12, '2026-01-30 11:47:53'),
(106, 3, 11, '2026-01-30 11:57:02'),
(107, 3, 6, '2026-02-01 00:51:55'),
(108, 3, 4, '2026-02-01 01:23:10'),
(109, 1, 16, '2026-02-01 10:26:54'),
(110, 1, 5, '2026-02-01 11:33:25'),
(111, 3, 10, '2026-02-01 20:56:27'),
(112, 3, 14, '2026-02-02 18:42:10');

-- --------------------------------------------------------

--
-- Table structure for table `video_views`
--

CREATE TABLE `video_views` (
  `id` int(11) NOT NULL,
  `video_id` int(11) NOT NULL,
  `user_id` int(11) DEFAULT NULL,
  `ip_address` varchar(45) DEFAULT NULL,
  `user_agent` text DEFAULT NULL,
  `viewed_at` timestamp NOT NULL DEFAULT current_timestamp()
) ENGINE=InnoDB DEFAULT CHARSET=utf8mb4 COLLATE=utf8mb4_unicode_ci;

--
-- Dumping data for table `video_views`
--

INSERT INTO `video_views` (`id`, `video_id`, `user_id`, `ip_address`, `user_agent`, `viewed_at`) VALUES
(1, 2, 2, '::1', 'Mozilla/5.0 (Windows NT 10.0; Win64; x64) AppleWebKit/537.36 (KHTML, like Gecko) Chrome/143.0.0.0 Safari/537.36 Edg/143.0.0.0', '2025-12-07 16:08:03'),
(3, 3, 1, '::1', 'Mozilla/5.0 (Windows NT 10.0; Win64; x64) AppleWebKit/537.36 (KHTML, like Gecko) Chrome/143.0.0.0 Safari/537.36 Edg/143.0.0.0', '2026-01-11 12:57:01'),
(4, 2, 3, '::1', 'Mozilla/5.0 (Windows NT 10.0; Win64; x64) AppleWebKit/537.36 (KHTML, like Gecko) Chrome/143.0.0.0 Safari/537.36', '2026-01-11 12:59:23'),
(5, 4, 3, '::1', 'Mozilla/5.0 (Windows NT 10.0; Win64; x64) AppleWebKit/537.36 (KHTML, like Gecko) Chrome/143.0.0.0 Safari/537.36', '2026-01-11 12:59:41'),
(6, 3, 3, '::1', 'Mozilla/5.0 (Windows NT 10.0; Win64; x64) AppleWebKit/537.36 (KHTML, like Gecko) Chrome/143.0.0.0 Safari/537.36', '2026-01-11 13:27:03'),
(7, 4, 3, '::1', 'Mozilla/5.0 (Windows NT 10.0; Win64; x64) AppleWebKit/537.36 (KHTML, like Gecko) Chrome/143.0.0.0 Safari/537.36', '2026-01-11 13:32:14'),
(8, 2, 3, '::1', 'Mozilla/5.0 (Windows NT 10.0; Win64; x64) AppleWebKit/537.36 (KHTML, like Gecko) Chrome/143.0.0.0 Safari/537.36', '2026-01-11 13:33:19'),
(9, 3, 1, '::1', 'Mozilla/5.0 (Windows NT 10.0; Win64; x64) AppleWebKit/537.36 (KHTML, like Gecko) Chrome/143.0.0.0 Safari/537.36 Edg/143.0.0.0', '2026-01-11 13:59:09'),
(10, 4, 3, '::1', 'Mozilla/5.0 (iPhone; CPU iPhone OS 18_5 like Mac OS X) AppleWebKit/605.1.15 (KHTML, like Gecko) Version/18.5 Mobile/15E148 Safari/604.1', '2026-01-11 14:11:42'),
(11, 2, 3, '::1', 'Mozilla/5.0 (iPhone; CPU iPhone OS 18_5 like Mac OS X) AppleWebKit/605.1.15 (KHTML, like Gecko) Version/18.5 Mobile/15E148 Safari/604.1', '2026-01-11 14:12:32'),
(12, 5, 1, '::1', 'Mozilla/5.0 (Windows NT 10.0; Win64; x64) AppleWebKit/537.36 (KHTML, like Gecko) Chrome/143.0.0.0 Safari/537.36 Edg/143.0.0.0', '2026-01-11 14:17:22'),
(13, 3, 1, '::1', 'Mozilla/5.0 (Windows NT 10.0; Win64; x64) AppleWebKit/537.36 (KHTML, like Gecko) Chrome/143.0.0.0 Safari/537.36 Edg/143.0.0.0', '2026-01-11 14:36:23'),
(14, 4, 3, '::1', 'Mozilla/5.0 (iPhone; CPU iPhone OS 18_5 like Mac OS X) AppleWebKit/605.1.15 (KHTML, like Gecko) Version/18.5 Mobile/15E148 Safari/604.1', '2026-01-11 14:44:52'),
(15, 2, 3, '::1', 'Mozilla/5.0 (iPhone; CPU iPhone OS 18_5 like Mac OS X) AppleWebKit/605.1.15 (KHTML, like Gecko) Version/18.5 Mobile/15E148 Safari/604.1', '2026-01-11 14:44:55'),
(16, 5, 1, '::1', 'Mozilla/5.0 (Windows NT 10.0; Win64; x64) AppleWebKit/537.36 (KHTML, like Gecko) Chrome/143.0.0.0 Safari/537.36 Edg/143.0.0.0', '2026-01-11 14:49:12'),
(17, 3, 1, '::1', 'Mozilla/5.0 (iPhone; CPU iPhone OS 18_5 like Mac OS X) AppleWebKit/605.1.15 (KHTML, like Gecko) Version/18.5 Mobile/15E148 Safari/604.1 Edg/143.0.0.0', '2026-01-11 15:08:16'),
(18, 2, 3, '::1', 'Mozilla/5.0 (iPhone; CPU iPhone OS 18_5 like Mac OS X) AppleWebKit/605.1.15 (KHTML, like Gecko) Version/18.5 Mobile/15E148 Safari/604.1', '2026-01-11 15:15:17'),
(19, 4, 3, '::1', 'Mozilla/5.0 (iPhone; CPU iPhone OS 18_5 like Mac OS X) AppleWebKit/605.1.15 (KHTML, like Gecko) Version/18.5 Mobile/15E148 Safari/604.1', '2026-01-11 15:15:24'),
(20, 3, 1, '::1', 'Mozilla/5.0 (Windows NT 10.0; Win64; x64) AppleWebKit/537.36 (KHTML, like Gecko) Chrome/144.0.0.0 Safari/537.36 Edg/144.0.0.0', '2026-01-29 09:11:37'),
(21, 5, 1, '::1', 'Mozilla/5.0 (Windows NT 10.0; Win64; x64) AppleWebKit/537.36 (KHTML, like Gecko) Chrome/144.0.0.0 Safari/537.36 Edg/144.0.0.0', '2026-01-29 09:11:40'),
(22, 4, 3, '::1', 'Mozilla/5.0 (Windows NT 10.0; Win64; x64) AppleWebKit/537.36 (KHTML, like Gecko) Chrome/144.0.0.0 Safari/537.36', '2026-01-29 09:13:06'),
(23, 2, 3, '::1', 'Mozilla/5.0 (Windows NT 10.0; Win64; x64) AppleWebKit/537.36 (KHTML, like Gecko) Chrome/144.0.0.0 Safari/537.36', '2026-01-29 09:13:16'),
(24, 5, 1, '::1', 'Mozilla/5.0 (iPhone; CPU iPhone OS 18_5 like Mac OS X) AppleWebKit/605.1.15 (KHTML, like Gecko) Version/18.5 Mobile/15E148 Safari/604.1 Edg/144.0.0.0', '2026-01-29 09:41:40'),
(25, 3, 1, '::1', 'Mozilla/5.0 (Windows NT 10.0; Win64; x64) AppleWebKit/537.36 (KHTML, like Gecko) Chrome/144.0.0.0 Safari/537.36 Edg/144.0.0.0', '2026-01-29 09:41:56'),
(26, 2, 3, '::1', 'Mozilla/5.0 (Windows NT 10.0; Win64; x64) AppleWebKit/537.36 (KHTML, like Gecko) Chrome/144.0.0.0 Safari/537.36', '2026-01-29 10:08:34'),
(27, 4, 3, '::1', 'Mozilla/5.0 (iPhone; CPU iPhone OS 18_5 like Mac OS X) AppleWebKit/605.1.15 (KHTML, like Gecko) Version/18.5 Mobile/15E148 Safari/604.1', '2026-01-29 10:08:45'),
(28, 5, 1, '::1', 'Mozilla/5.0 (iPhone; CPU iPhone OS 18_5 like Mac OS X) AppleWebKit/605.1.15 (KHTML, like Gecko) Version/18.5 Mobile/15E148 Safari/604.1 Edg/144.0.0.0', '2026-01-29 10:15:16'),
(29, 3, 1, '::1', 'Mozilla/5.0 (iPhone; CPU iPhone OS 18_5 like Mac OS X) AppleWebKit/605.1.15 (KHTML, like Gecko) Version/18.5 Mobile/15E148 Safari/604.1 Edg/144.0.0.0', '2026-01-29 10:15:36'),
(30, 6, 3, '::1', 'Mozilla/5.0 (Windows NT 10.0; Win64; x64) AppleWebKit/537.36 (KHTML, like Gecko) Chrome/144.0.0.0 Safari/537.36', '2026-01-29 10:15:58'),
(31, 3, 1, '::1', 'Mozilla/5.0 (iPhone; CPU iPhone OS 18_5 like Mac OS X) AppleWebKit/605.1.15 (KHTML, like Gecko) Version/18.5 Mobile/15E148 Safari/604.1 Edg/144.0.0.0', '2026-01-29 10:45:41'),
(32, 5, 1, '::1', 'Mozilla/5.0 (iPhone; CPU iPhone OS 18_5 like Mac OS X) AppleWebKit/605.1.15 (KHTML, like Gecko) Version/18.5 Mobile/15E148 Safari/604.1 Edg/144.0.0.0', '2026-01-29 10:45:47'),
(33, 2, 3, '::1', 'Mozilla/5.0 (Windows NT 10.0; Win64; x64) AppleWebKit/537.36 (KHTML, like Gecko) Chrome/144.0.0.0 Safari/537.36', '2026-01-29 10:59:17'),
(34, 4, 3, '::1', 'Mozilla/5.0 (Windows NT 10.0; Win64; x64) AppleWebKit/537.36 (KHTML, like Gecko) Chrome/144.0.0.0 Safari/537.36', '2026-01-29 10:59:19'),
(35, 6, 2, '::1', 'Mozilla/5.0 (Windows NT 10.0; Win64; x64) AppleWebKit/537.36 (KHTML, like Gecko) Chrome/144.0.0.0 Safari/537.36', '2026-01-29 10:59:51'),
(36, 5, 2, '::1', 'Mozilla/5.0 (Windows NT 10.0; Win64; x64) AppleWebKit/537.36 (KHTML, like Gecko) Chrome/144.0.0.0 Safari/537.36', '2026-01-29 11:17:59'),
(37, 6, 3, '::1', 'Mozilla/5.0 (iPhone; CPU iPhone OS 18_5 like Mac OS X) AppleWebKit/605.1.15 (KHTML, like Gecko) Version/18.5 Mobile/15E148 Safari/604.1', '2026-01-29 11:31:02'),
(38, 3, 3, '::1', 'Mozilla/5.0 (iPhone; CPU iPhone OS 18_5 like Mac OS X) AppleWebKit/605.1.15 (KHTML, like Gecko) Version/18.5 Mobile/15E148 Safari/604.1', '2026-01-29 11:32:27'),
(39, 4, 3, '::1', 'Mozilla/5.0 (iPhone; CPU iPhone OS 18_5 like Mac OS X) AppleWebKit/605.1.15 (KHTML, like Gecko) Version/18.5 Mobile/15E148 Safari/604.1', '2026-01-29 11:32:29'),
(40, 2, 3, '::1', 'Mozilla/5.0 (iPhone; CPU iPhone OS 18_5 like Mac OS X) AppleWebKit/605.1.15 (KHTML, like Gecko) Version/18.5 Mobile/15E148 Safari/604.1', '2026-01-29 11:46:09'),
(41, 5, 1, '::1', 'Mozilla/5.0 (iPhone; CPU iPhone OS 18_5 like Mac OS X) AppleWebKit/605.1.15 (KHTML, like Gecko) Version/18.5 Mobile/15E148 Safari/604.1 Edg/144.0.0.0', '2026-01-29 11:52:42'),
(42, 3, 1, '::1', 'Mozilla/5.0 (iPhone; CPU iPhone OS 18_5 like Mac OS X) AppleWebKit/605.1.15 (KHTML, like Gecko) Version/18.5 Mobile/15E148 Safari/604.1 Edg/144.0.0.0', '2026-01-29 12:12:26'),
(43, 4, 3, '::1', 'Mozilla/5.0 (iPhone; CPU iPhone OS 18_5 like Mac OS X) AppleWebKit/605.1.15 (KHTML, like Gecko) Version/18.5 Mobile/15E148 Safari/604.1', '2026-01-29 12:12:30'),
(44, 6, 3, '::1', 'Mozilla/5.0 (iPhone; CPU iPhone OS 18_5 like Mac OS X) AppleWebKit/605.1.15 (KHTML, like Gecko) Version/18.5 Mobile/15E148 Safari/604.1', '2026-01-29 12:21:14'),
(45, 5, 1, '::1', 'Mozilla/5.0 (iPhone; CPU iPhone OS 18_5 like Mac OS X) AppleWebKit/605.1.15 (KHTML, like Gecko) Version/18.5 Mobile/15E148 Safari/604.1 Edg/144.0.0.0', '2026-01-29 12:32:15'),
(46, 3, 1, '::1', 'Mozilla/5.0 (iPhone; CPU iPhone OS 18_5 like Mac OS X) AppleWebKit/605.1.15 (KHTML, like Gecko) Version/18.5 Mobile/15E148 Safari/604.1 Edg/144.0.0.0', '2026-01-29 12:42:58'),
(47, 2, 3, '::1', 'Mozilla/5.0 (iPhone; CPU iPhone OS 18_5 like Mac OS X) AppleWebKit/605.1.15 (KHTML, like Gecko) Version/18.5 Mobile/15E148 Safari/604.1', '2026-01-29 12:43:46'),
(48, 3, 1, '::1', 'Mozilla/5.0 (iPhone; CPU iPhone OS 18_5 like Mac OS X) AppleWebKit/605.1.15 (KHTML, like Gecko) Version/18.5 Mobile/15E148 Safari/604.1 Edg/144.0.0.0', '2026-01-29 13:17:44'),
(49, 5, 1, '::1', 'Mozilla/5.0 (iPhone; CPU iPhone OS 18_5 like Mac OS X) AppleWebKit/605.1.15 (KHTML, like Gecko) Version/18.5 Mobile/15E148 Safari/604.1 Edg/144.0.0.0', '2026-01-29 13:19:09'),
(50, 4, 3, '::1', 'Mozilla/5.0 (iPhone; CPU iPhone OS 18_5 like Mac OS X) AppleWebKit/605.1.15 (KHTML, like Gecko) Version/18.5 Mobile/15E148 Safari/604.1', '2026-01-29 13:19:11'),
(51, 6, 3, '::1', 'Mozilla/5.0 (iPhone; CPU iPhone OS 18_5 like Mac OS X) AppleWebKit/605.1.15 (KHTML, like Gecko) Version/18.5 Mobile/15E148 Safari/604.1', '2026-01-29 13:19:12'),
(52, 2, 3, '::1', 'Mozilla/5.0 (iPhone; CPU iPhone OS 18_5 like Mac OS X) AppleWebKit/605.1.15 (KHTML, like Gecko) Version/18.5 Mobile/15E148 Safari/604.1', '2026-01-29 13:19:13'),
(53, 6, 3, '::1', 'Mozilla/5.0 (Linux; Android 13; SM-G981B) AppleWebKit/537.36 (KHTML, like Gecko) Chrome/144.0.0.0 Mobile Safari/537.36', '2026-01-29 14:05:26'),
(54, 5, 1, '::1', 'Mozilla/5.0 (iPhone; CPU iPhone OS 18_5 like Mac OS X) AppleWebKit/605.1.15 (KHTML, like Gecko) Version/18.5 Mobile/15E148 Safari/604.1 Edg/144.0.0.0', '2026-01-29 14:05:35'),
(55, 3, 1, '::1', 'Mozilla/5.0 (iPhone; CPU iPhone OS 18_5 like Mac OS X) AppleWebKit/605.1.15 (KHTML, like Gecko) Version/18.5 Mobile/15E148 Safari/604.1 Edg/144.0.0.0', '2026-01-29 14:05:40'),
(56, 2, 3, '::1', 'Mozilla/5.0 (Linux; Android 13; SM-G981B) AppleWebKit/537.36 (KHTML, like Gecko) Chrome/144.0.0.0 Mobile Safari/537.36', '2026-01-29 14:05:45'),
(57, 4, 3, '::1', 'Mozilla/5.0 (Linux; Android 13; SM-G981B) AppleWebKit/537.36 (KHTML, like Gecko) Chrome/144.0.0.0 Mobile Safari/537.36', '2026-01-29 14:05:45'),
(58, 7, 3, '::1', 'Mozilla/5.0 (Linux; Android 13; SM-G981B) AppleWebKit/537.36 (KHTML, like Gecko) Chrome/144.0.0.0 Mobile Safari/537.36', '2026-01-29 14:13:43'),
(59, 4, 3, '::1', 'Mozilla/5.0 (Linux; Android 13; SM-G981B) AppleWebKit/537.36 (KHTML, like Gecko) Chrome/144.0.0.0 Mobile Safari/537.36', '2026-01-29 14:35:54'),
(60, 3, 3, '::1', 'Mozilla/5.0 (Linux; Android 13; SM-G981B) AppleWebKit/537.36 (KHTML, like Gecko) Chrome/144.0.0.0 Mobile Safari/537.36', '2026-01-29 14:36:03'),
(61, 6, 3, '::1', 'Mozilla/5.0 (Linux; Android 13; SM-G981B) AppleWebKit/537.36 (KHTML, like Gecko) Chrome/144.0.0.0 Mobile Safari/537.36', '2026-01-29 14:38:51'),
(62, 2, 3, '::1', 'Mozilla/5.0 (Linux; Android 13; SM-G981B) AppleWebKit/537.36 (KHTML, like Gecko) Chrome/144.0.0.0 Mobile Safari/537.36', '2026-01-29 14:38:52'),
(63, 5, 1, '::1', 'Mozilla/5.0 (iPhone; CPU iPhone OS 18_5 like Mac OS X) AppleWebKit/605.1.15 (KHTML, like Gecko) Version/18.5 Mobile/15E148 Safari/604.1 Edg/144.0.0.0', '2026-01-29 14:39:37'),
(64, 7, 2, '::1', 'Mozilla/5.0 (Windows NT 10.0; Win64; x64) AppleWebKit/537.36 (KHTML, like Gecko) Chrome/144.0.0.0 Safari/537.36', '2026-01-29 14:46:56'),
(65, 3, 1, '::1', 'Mozilla/5.0 (iPhone; CPU iPhone OS 18_5 like Mac OS X) AppleWebKit/605.1.15 (KHTML, like Gecko) Version/18.5 Mobile/15E148 Safari/604.1 Edg/144.0.0.0', '2026-01-29 15:12:02'),
(66, 5, 1, '::1', 'Mozilla/5.0 (iPhone; CPU iPhone OS 18_5 like Mac OS X) AppleWebKit/605.1.15 (KHTML, like Gecko) Version/18.5 Mobile/15E148 Safari/604.1 Edg/144.0.0.0', '2026-01-29 15:13:48'),
(67, 6, 2, '::1', 'Mozilla/5.0 (Linux; Android 13; SM-G981B) AppleWebKit/537.36 (KHTML, like Gecko) Chrome/144.0.0.0 Mobile Safari/537.36', '2026-01-29 15:14:12'),
(68, 2, 2, '::1', 'Mozilla/5.0 (Linux; Android 13; SM-G981B) AppleWebKit/537.36 (KHTML, like Gecko) Chrome/144.0.0.0 Mobile Safari/537.36', '2026-01-29 15:14:12'),
(69, 4, 2, '::1', 'Mozilla/5.0 (Linux; Android 13; SM-G981B) AppleWebKit/537.36 (KHTML, like Gecko) Chrome/144.0.0.0 Mobile Safari/537.36', '2026-01-29 15:14:19'),
(70, 8, 1, '::1', 'Mozilla/5.0 (iPhone; CPU iPhone OS 18_5 like Mac OS X) AppleWebKit/605.1.15 (KHTML, like Gecko) Version/18.5 Mobile/15E148 Safari/604.1 Edg/144.0.0.0', '2026-01-29 15:17:29'),
(71, 7, 2, '::1', 'Mozilla/5.0 (Linux; Android 13; SM-G981B) AppleWebKit/537.36 (KHTML, like Gecko) Chrome/144.0.0.0 Mobile Safari/537.36', '2026-01-29 15:17:37'),
(72, 9, 2, '::1', 'Mozilla/5.0 (Linux; Android 13; SM-G981B) AppleWebKit/537.36 (KHTML, like Gecko) Chrome/144.0.0.0 Mobile Safari/537.36', '2026-01-29 15:18:23'),
(73, 4, 2, '::1', 'Mozilla/5.0 (Linux; Android 13; SM-G981B) AppleWebKit/537.36 (KHTML, like Gecko) Chrome/144.0.0.0 Mobile Safari/537.36', '2026-01-29 15:46:57'),
(74, 5, 2, '::1', 'Mozilla/5.0 (Linux; Android 13; SM-G981B) AppleWebKit/537.36 (KHTML, like Gecko) Chrome/144.0.0.0 Mobile Safari/537.36', '2026-01-29 15:46:58'),
(75, 2, 2, '::1', 'Mozilla/5.0 (Linux; Android 13; SM-G981B) AppleWebKit/537.36 (KHTML, like Gecko) Chrome/144.0.0.0 Mobile Safari/537.36', '2026-01-29 15:46:59'),
(76, 6, 2, '::1', 'Mozilla/5.0 (Linux; Android 13; SM-G981B) AppleWebKit/537.36 (KHTML, like Gecko) Chrome/144.0.0.0 Mobile Safari/537.36', '2026-01-29 15:47:03'),
(77, 7, 2, '::1', 'Mozilla/5.0 (Linux; Android 13; SM-G981B) AppleWebKit/537.36 (KHTML, like Gecko) Chrome/144.0.0.0 Mobile Safari/537.36', '2026-01-29 15:47:40'),
(78, 9, 2, '::1', 'Mozilla/5.0 (Linux; Android 13; SM-G981B) AppleWebKit/537.36 (KHTML, like Gecko) Chrome/144.0.0.0 Mobile Safari/537.36', '2026-01-29 16:22:21'),
(79, 2, 2, '::1', 'Mozilla/5.0 (Linux; Android 13; SM-G981B) AppleWebKit/537.36 (KHTML, like Gecko) Chrome/144.0.0.0 Mobile Safari/537.36', '2026-01-29 16:22:22'),
(80, 5, 2, '::1', 'Mozilla/5.0 (Linux; Android 13; SM-G981B) AppleWebKit/537.36 (KHTML, like Gecko) Chrome/144.0.0.0 Mobile Safari/537.36', '2026-01-29 16:22:23'),
(81, 8, 3, '::1', 'Mozilla/5.0 (Windows NT 10.0; Win64; x64) AppleWebKit/537.36 (KHTML, like Gecko) Chrome/144.0.0.0 Safari/537.36', '2026-01-29 16:23:24'),
(82, 3, 3, '::1', 'Mozilla/5.0 (Windows NT 10.0; Win64; x64) AppleWebKit/537.36 (KHTML, like Gecko) Chrome/144.0.0.0 Safari/537.36', '2026-01-29 16:23:28'),
(83, 6, 2, '::1', 'Mozilla/5.0 (Linux; Android 13; SM-G981B) AppleWebKit/537.36 (KHTML, like Gecko) Chrome/144.0.0.0 Mobile Safari/537.36', '2026-01-29 16:24:42'),
(84, 4, 2, '::1', 'Mozilla/5.0 (Linux; Android 13; SM-G981B) AppleWebKit/537.36 (KHTML, like Gecko) Chrome/144.0.0.0 Mobile Safari/537.36', '2026-01-29 16:24:53'),
(85, 7, 2, '::1', 'Mozilla/5.0 (Linux; Android 13; SM-G981B) AppleWebKit/537.36 (KHTML, like Gecko) Chrome/144.0.0.0 Mobile Safari/537.36', '2026-01-29 16:25:12'),
(86, 5, 1, '::1', 'Mozilla/5.0 (iPhone; CPU iPhone OS 18_5 like Mac OS X) AppleWebKit/605.1.15 (KHTML, like Gecko) Version/18.5 Mobile/15E148 Safari/604.1 Edg/144.0.0.0', '2026-01-29 16:52:23'),
(87, 3, 1, '::1', 'Mozilla/5.0 (iPhone; CPU iPhone OS 18_5 like Mac OS X) AppleWebKit/605.1.15 (KHTML, like Gecko) Version/18.5 Mobile/15E148 Safari/604.1 Edg/144.0.0.0', '2026-01-29 16:56:25'),
(88, 4, 2, '::1', 'Mozilla/5.0 (Linux; Android 13; SM-G981B) AppleWebKit/537.36 (KHTML, like Gecko) Chrome/144.0.0.0 Mobile Safari/537.36', '2026-01-29 16:57:18'),
(89, 2, 2, '::1', 'Mozilla/5.0 (Linux; Android 13; SM-G981B) AppleWebKit/537.36 (KHTML, like Gecko) Chrome/144.0.0.0 Mobile Safari/537.36', '2026-01-29 16:57:19'),
(90, 9, 2, '::1', 'Mozilla/5.0 (Linux; Android 13; SM-G981B) AppleWebKit/537.36 (KHTML, like Gecko) Chrome/144.0.0.0 Mobile Safari/537.36', '2026-01-29 16:57:19'),
(91, 7, 2, '::1', 'Mozilla/5.0 (Linux; Android 13; SM-G981B) AppleWebKit/537.36 (KHTML, like Gecko) Chrome/144.0.0.0 Mobile Safari/537.36', '2026-01-29 16:57:20'),
(92, 6, 2, '::1', 'Mozilla/5.0 (Linux; Android 13; SM-G981B) AppleWebKit/537.36 (KHTML, like Gecko) Chrome/144.0.0.0 Mobile Safari/537.36', '2026-01-29 16:57:20'),
(93, 5, 2, '::1', 'Mozilla/5.0 (Linux; Android 13; SM-G981B) AppleWebKit/537.36 (KHTML, like Gecko) Chrome/144.0.0.0 Mobile Safari/537.36', '2026-01-29 17:22:26'),
(94, 8, 1, '::1', 'Mozilla/5.0 (iPhone; CPU iPhone OS 18_5 like Mac OS X) AppleWebKit/605.1.15 (KHTML, like Gecko) Version/18.5 Mobile/15E148 Safari/604.1 Edg/144.0.0.0', '2026-01-29 17:27:58'),
(95, 3, 1, '::1', 'Mozilla/5.0 (iPhone; CPU iPhone OS 18_5 like Mac OS X) AppleWebKit/605.1.15 (KHTML, like Gecko) Version/18.5 Mobile/15E148 Safari/604.1 Edg/144.0.0.0', '2026-01-29 17:28:09'),
(96, 9, 2, '::1', 'Mozilla/5.0 (Linux; Android 13; SM-G981B) AppleWebKit/537.36 (KHTML, like Gecko) Chrome/144.0.0.0 Mobile Safari/537.36', '2026-01-29 17:28:18'),
(97, 6, 2, '::1', 'Mozilla/5.0 (Windows NT 10.0; Win64; x64) AppleWebKit/537.36 (KHTML, like Gecko) Chrome/144.0.0.0 Safari/537.36', '2026-01-29 17:52:23'),
(98, 7, 1, '::1', 'Mozilla/5.0 (iPhone; CPU iPhone OS 18_5 like Mac OS X) AppleWebKit/605.1.15 (KHTML, like Gecko) Version/18.5 Mobile/15E148 Safari/604.1 Edg/144.0.0.0', '2026-01-29 17:54:41'),
(99, 5, 1, '::1', 'Mozilla/5.0 (iPhone; CPU iPhone OS 18_5 like Mac OS X) AppleWebKit/605.1.15 (KHTML, like Gecko) Version/18.5 Mobile/15E148 Safari/604.1 Edg/144.0.0.0', '2026-01-29 17:54:43'),
(100, 4, 1, '::1', 'Mozilla/5.0 (iPhone; CPU iPhone OS 18_5 like Mac OS X) AppleWebKit/605.1.15 (KHTML, like Gecko) Version/18.5 Mobile/15E148 Safari/604.1 Edg/144.0.0.0', '2026-01-29 17:54:47'),
(101, 2, 2, '::1', 'Mozilla/5.0 (Windows NT 10.0; Win64; x64) AppleWebKit/537.36 (KHTML, like Gecko) Chrome/144.0.0.0 Safari/537.36', '2026-01-29 17:55:08'),
(102, 10, 2, '::1', 'Mozilla/5.0 (Windows NT 10.0; Win64; x64) AppleWebKit/537.36 (KHTML, like Gecko) Chrome/144.0.0.0 Safari/537.36', '2026-01-29 17:57:38'),
(103, 8, 1, '::1', 'Mozilla/5.0 (iPhone; CPU iPhone OS 18_5 like Mac OS X) AppleWebKit/605.1.15 (KHTML, like Gecko) Version/18.5 Mobile/15E148 Safari/604.1 Edg/144.0.0.0', '2026-01-29 18:01:17'),
(104, 9, 1, '::1', 'Mozilla/5.0 (iPhone; CPU iPhone OS 18_5 like Mac OS X) AppleWebKit/605.1.15 (KHTML, like Gecko) Version/18.5 Mobile/15E148 Safari/604.1 Edg/144.0.0.0', '2026-01-29 18:01:30'),
(105, 3, 2, '::1', 'Mozilla/5.0 (Windows NT 10.0; Win64; x64) AppleWebKit/537.36 (KHTML, like Gecko) Chrome/144.0.0.0 Safari/537.36', '2026-01-29 18:02:41'),
(106, 11, 2, '::1', 'Mozilla/5.0 (Windows NT 10.0; Win64; x64) AppleWebKit/537.36 (KHTML, like Gecko) Chrome/144.0.0.0 Safari/537.36', '2026-01-29 18:03:57'),
(107, 12, 2, '::1', 'Mozilla/5.0 (Windows NT 10.0; Win64; x64) AppleWebKit/537.36 (KHTML, like Gecko) Chrome/144.0.0.0 Safari/537.36', '2026-01-29 18:08:56'),
(108, 13, 2, '::1', 'Mozilla/5.0 (Windows NT 10.0; Win64; x64) AppleWebKit/537.36 (KHTML, like Gecko) Chrome/144.0.0.0 Safari/537.36', '2026-01-29 18:09:26'),
(109, 14, 2, '::1', 'Mozilla/5.0 (Windows NT 10.0; Win64; x64) AppleWebKit/537.36 (KHTML, like Gecko) Chrome/144.0.0.0 Safari/537.36', '2026-01-29 18:12:04'),
(110, 5, 1, '::1', 'Mozilla/5.0 (iPhone; CPU iPhone OS 18_5 like Mac OS X) AppleWebKit/605.1.15 (KHTML, like Gecko) Version/18.5 Mobile/15E148 Safari/604.1 Edg/144.0.0.0', '2026-01-29 18:24:56'),
(111, 7, 1, '::1', 'Mozilla/5.0 (iPhone; CPU iPhone OS 18_5 like Mac OS X) AppleWebKit/605.1.15 (KHTML, like Gecko) Version/18.5 Mobile/15E148 Safari/604.1 Edg/144.0.0.0', '2026-01-29 18:25:30'),
(112, 4, 1, '::1', 'Mozilla/5.0 (iPhone; CPU iPhone OS 18_5 like Mac OS X) AppleWebKit/605.1.15 (KHTML, like Gecko) Version/18.5 Mobile/15E148 Safari/604.1 Edg/144.0.0.0', '2026-01-29 18:25:34'),
(113, 2, 1, '::1', 'Mozilla/5.0 (iPhone; CPU iPhone OS 18_5 like Mac OS X) AppleWebKit/605.1.15 (KHTML, like Gecko) Version/18.5 Mobile/15E148 Safari/604.1 Edg/144.0.0.0', '2026-01-29 18:25:41'),
(114, 6, 1, '::1', 'Mozilla/5.0 (iPhone; CPU iPhone OS 18_5 like Mac OS X) AppleWebKit/605.1.15 (KHTML, like Gecko) Version/18.5 Mobile/15E148 Safari/604.1 Edg/144.0.0.0', '2026-01-29 18:25:55'),
(115, 10, 1, '::1', 'Mozilla/5.0 (iPhone; CPU iPhone OS 18_5 like Mac OS X) AppleWebKit/605.1.15 (KHTML, like Gecko) Version/18.5 Mobile/15E148 Safari/604.1 Edg/144.0.0.0', '2026-01-29 18:29:20'),
(116, 9, 2, '::1', 'Mozilla/5.0 (Windows NT 10.0; Win64; x64) AppleWebKit/537.36 (KHTML, like Gecko) Chrome/144.0.0.0 Safari/537.36', '2026-01-29 18:33:19'),
(117, 3, 1, '::1', 'Mozilla/5.0 (iPhone; CPU iPhone OS 18_5 like Mac OS X) AppleWebKit/605.1.15 (KHTML, like Gecko) Version/18.5 Mobile/15E148 Safari/604.1 Edg/144.0.0.0', '2026-01-29 18:33:30'),
(118, 8, 1, '::1', 'Mozilla/5.0 (iPhone; CPU iPhone OS 18_5 like Mac OS X) AppleWebKit/605.1.15 (KHTML, like Gecko) Version/18.5 Mobile/15E148 Safari/604.1 Edg/144.0.0.0', '2026-01-29 18:33:32'),
(119, 11, 3, '::1', 'Mozilla/5.0 (Linux; Android 13; SM-G981B) AppleWebKit/537.36 (KHTML, like Gecko) Chrome/144.0.0.0 Mobile Safari/537.36', '2026-01-29 18:34:44'),
(120, 12, 3, '::1', 'Mozilla/5.0 (Linux; Android 13; SM-G981B) AppleWebKit/537.36 (KHTML, like Gecko) Chrome/144.0.0.0 Mobile Safari/537.36', '2026-01-29 18:43:18'),
(121, 13, 3, '::1', 'Mozilla/5.0 (Linux; Android 13; SM-G981B) AppleWebKit/537.36 (KHTML, like Gecko) Chrome/144.0.0.0 Mobile Safari/537.36', '2026-01-29 18:47:25'),
(122, 11, 1, '::1', 'Mozilla/5.0 (iPhone; CPU iPhone OS 18_5 like Mac OS X) AppleWebKit/605.1.15 (KHTML, like Gecko) Version/18.5 Mobile/15E148 Safari/604.1 Edg/144.0.0.0', '2026-01-29 19:06:32'),
(123, 3, 1, '::1', 'Mozilla/5.0 (iPhone; CPU iPhone OS 18_5 like Mac OS X) AppleWebKit/605.1.15 (KHTML, like Gecko) Version/18.5 Mobile/15E148 Safari/604.1 Edg/144.0.0.0', '2026-01-29 19:06:52'),
(124, 7, 2, '::1', 'Mozilla/5.0 (Windows NT 10.0; Win64; x64) AppleWebKit/537.36 (KHTML, like Gecko) Chrome/144.0.0.0 Safari/537.36', '2026-01-29 19:08:42'),
(125, 6, 2, '::1', 'Mozilla/5.0 (Windows NT 10.0; Win64; x64) AppleWebKit/537.36 (KHTML, like Gecko) Chrome/144.0.0.0 Safari/537.36', '2026-01-29 19:09:54'),
(126, 8, 1, '::1', 'Mozilla/5.0 (iPhone; CPU iPhone OS 18_5 like Mac OS X) AppleWebKit/605.1.15 (KHTML, like Gecko) Version/18.5 Mobile/15E148 Safari/604.1 Edg/144.0.0.0', '2026-01-29 19:11:31'),
(127, 9, 2, '::1', 'Mozilla/5.0 (Windows NT 10.0; Win64; x64) AppleWebKit/537.36 (KHTML, like Gecko) Chrome/144.0.0.0 Safari/537.36', '2026-01-29 19:11:51'),
(128, 14, 1, '::1', 'Mozilla/5.0 (iPhone; CPU iPhone OS 18_5 like Mac OS X) AppleWebKit/605.1.15 (KHTML, like Gecko) Version/18.5 Mobile/15E148 Safari/604.1 Edg/144.0.0.0', '2026-01-29 19:12:11'),
(129, 12, 1, '::1', 'Mozilla/5.0 (iPhone; CPU iPhone OS 18_5 like Mac OS X) AppleWebKit/605.1.15 (KHTML, like Gecko) Version/18.5 Mobile/15E148 Safari/604.1 Edg/144.0.0.0', '2026-01-29 19:15:48'),
(130, 5, 1, '::1', 'Mozilla/5.0 (iPhone; CPU iPhone OS 18_5 like Mac OS X) AppleWebKit/605.1.15 (KHTML, like Gecko) Version/18.5 Mobile/15E148 Safari/604.1 Edg/144.0.0.0', '2026-01-29 19:24:43'),
(131, 13, 1, '::1', 'Mozilla/5.0 (iPhone; CPU iPhone OS 18_5 like Mac OS X) AppleWebKit/605.1.15 (KHTML, like Gecko) Version/18.5 Mobile/15E148 Safari/604.1 Edg/144.0.0.0', '2026-01-29 19:25:12'),
(132, 10, 1, '::1', 'Mozilla/5.0 (iPhone; CPU iPhone OS 18_5 like Mac OS X) AppleWebKit/605.1.15 (KHTML, like Gecko) Version/18.5 Mobile/15E148 Safari/604.1 Edg/144.0.0.0', '2026-01-29 19:31:07'),
(133, 2, 2, '::1', 'Mozilla/5.0 (Windows NT 10.0; Win64; x64) AppleWebKit/537.36 (KHTML, like Gecko) Chrome/144.0.0.0 Safari/537.36', '2026-01-29 19:32:41'),
(134, 4, 2, '::1', 'Mozilla/5.0 (Windows NT 10.0; Win64; x64) AppleWebKit/537.36 (KHTML, like Gecko) Chrome/144.0.0.0 Safari/537.36', '2026-01-29 19:32:57'),
(135, 3, 1, '::1', 'Mozilla/5.0 (iPhone; CPU iPhone OS 18_5 like Mac OS X) AppleWebKit/605.1.15 (KHTML, like Gecko) Version/18.5 Mobile/15E148 Safari/604.1 Edg/144.0.0.0', '2026-01-29 19:37:42'),
(136, 11, 1, '::1', 'Mozilla/5.0 (iPhone; CPU iPhone OS 18_5 like Mac OS X) AppleWebKit/605.1.15 (KHTML, like Gecko) Version/18.5 Mobile/15E148 Safari/604.1 Edg/144.0.0.0', '2026-01-29 19:37:46'),
(137, 7, 2, '::1', 'Mozilla/5.0 (Windows NT 10.0; Win64; x64) AppleWebKit/537.36 (KHTML, like Gecko) Chrome/144.0.0.0 Safari/537.36', '2026-01-29 19:38:43'),
(138, 6, 2, '::1', 'Mozilla/5.0 (Windows NT 10.0; Win64; x64) AppleWebKit/537.36 (KHTML, like Gecko) Chrome/144.0.0.0 Safari/537.36', '2026-01-29 19:41:22'),
(139, 9, 2, '::1', 'Mozilla/5.0 (Windows NT 10.0; Win64; x64) AppleWebKit/537.36 (KHTML, like Gecko) Chrome/144.0.0.0 Safari/537.36', '2026-01-29 19:42:01'),
(140, 14, 1, '::1', 'Mozilla/5.0 (iPhone; CPU iPhone OS 18_5 like Mac OS X) AppleWebKit/605.1.15 (KHTML, like Gecko) Version/18.5 Mobile/15E148 Safari/604.1 Edg/144.0.0.0', '2026-01-29 19:42:20'),
(141, 15, 1, '::1', 'Mozilla/5.0 (iPhone; CPU iPhone OS 18_5 like Mac OS X) AppleWebKit/605.1.15 (KHTML, like Gecko) Version/18.5 Mobile/15E148 Safari/604.1 Edg/144.0.0.0', '2026-01-29 19:42:21'),
(142, 8, 1, '::1', 'Mozilla/5.0 (iPhone; CPU iPhone OS 18_5 like Mac OS X) AppleWebKit/605.1.15 (KHTML, like Gecko) Version/18.5 Mobile/15E148 Safari/604.1 Edg/144.0.0.0', '2026-01-29 19:42:32'),
(143, 12, 1, '::1', 'Mozilla/5.0 (iPhone; CPU iPhone OS 18_5 like Mac OS X) AppleWebKit/605.1.15 (KHTML, like Gecko) Version/18.5 Mobile/15E148 Safari/604.1 Edg/144.0.0.0', '2026-01-29 19:46:36'),
(144, 5, 1, '::1', 'Mozilla/5.0 (iPhone; CPU iPhone OS 18_5 like Mac OS X) AppleWebKit/605.1.15 (KHTML, like Gecko) Version/18.5 Mobile/15E148 Safari/604.1 Edg/144.0.0.0', '2026-01-29 19:57:53'),
(145, 13, 1, '::1', 'Mozilla/5.0 (iPhone; CPU iPhone OS 18_5 like Mac OS X) AppleWebKit/605.1.15 (KHTML, like Gecko) Version/18.5 Mobile/15E148 Safari/604.1 Edg/144.0.0.0', '2026-01-29 19:57:55'),
(146, 10, 1, '::1', 'Mozilla/5.0 (iPhone; CPU iPhone OS 18_5 like Mac OS X) AppleWebKit/605.1.15 (KHTML, like Gecko) Version/18.5 Mobile/15E148 Safari/604.1 Edg/144.0.0.0', '2026-01-29 20:01:41'),
(147, 16, 1, '::1', 'Mozilla/5.0 (iPhone; CPU iPhone OS 18_5 like Mac OS X) AppleWebKit/605.1.15 (KHTML, like Gecko) Version/18.5 Mobile/15E148 Safari/604.1 Edg/144.0.0.0', '2026-01-29 20:02:01'),
(148, 2, 3, '::1', 'Mozilla/5.0 (Linux; Android 13; SM-G981B) AppleWebKit/537.36 (KHTML, like Gecko) Chrome/144.0.0.0 Mobile Safari/537.36', '2026-01-29 20:02:43'),
(149, 4, 3, '::1', 'Mozilla/5.0 (Linux; Android 13; SM-G981B) AppleWebKit/537.36 (KHTML, like Gecko) Chrome/144.0.0.0 Mobile Safari/537.36', '2026-01-29 20:03:15'),
(150, 11, 4, '::1', 'Mozilla/5.0 (Windows NT 10.0; Win64; x64) AppleWebKit/537.36 (KHTML, like Gecko) Chrome/144.0.0.0 Safari/537.36', '2026-01-29 20:11:53'),
(151, 3, 4, '::1', 'Mozilla/5.0 (Windows NT 10.0; Win64; x64) AppleWebKit/537.36 (KHTML, like Gecko) Chrome/144.0.0.0 Safari/537.36', '2026-01-29 20:13:38'),
(152, 8, 4, '::1', 'Mozilla/5.0 (Windows NT 10.0; Win64; x64) AppleWebKit/537.36 (KHTML, like Gecko) Chrome/144.0.0.0 Safari/537.36', '2026-01-29 20:14:19'),
(153, 14, 1, '::1', 'Mozilla/5.0 (iPhone; CPU iPhone OS 18_5 like Mac OS X) AppleWebKit/605.1.15 (KHTML, like Gecko) Version/18.5 Mobile/15E148 Safari/604.1 Edg/144.0.0.0', '2026-01-29 20:14:32'),
(154, 7, 4, '::1', 'Mozilla/5.0 (Windows NT 10.0; Win64; x64) AppleWebKit/537.36 (KHTML, like Gecko) Chrome/144.0.0.0 Safari/537.36', '2026-01-29 20:17:10'),
(155, 12, 4, '::1', 'Mozilla/5.0 (Windows NT 10.0; Win64; x64) AppleWebKit/537.36 (KHTML, like Gecko) Chrome/144.0.0.0 Safari/537.36', '2026-01-29 20:17:14'),
(156, 13, 4, '::1', 'Mozilla/5.0 (Windows NT 10.0; Win64; x64) AppleWebKit/537.36 (KHTML, like Gecko) Chrome/144.0.0.0 Safari/537.36', '2026-01-29 20:30:22'),
(157, 5, 4, '::1', 'Mozilla/5.0 (Windows NT 10.0; Win64; x64) AppleWebKit/537.36 (KHTML, like Gecko) Chrome/144.0.0.0 Safari/537.36', '2026-01-29 20:38:19'),
(158, 15, 4, '::1', 'Mozilla/5.0 (Windows NT 10.0; Win64; x64) AppleWebKit/537.36 (KHTML, like Gecko) Chrome/144.0.0.0 Safari/537.36', '2026-01-29 20:38:19'),
(159, 4, 3, '::1', 'Mozilla/5.0 (Linux; Android 13; SM-G981B) AppleWebKit/537.36 (KHTML, like Gecko) Chrome/144.0.0.0 Mobile Safari/537.36', '2026-01-29 20:38:39'),
(160, 9, 3, '::1', 'Mozilla/5.0 (Linux; Android 13; SM-G981B) AppleWebKit/537.36 (KHTML, like Gecko) Chrome/144.0.0.0 Mobile Safari/537.36', '2026-01-29 20:38:53'),
(161, 2, 3, '::1', 'Mozilla/5.0 (Linux; Android 13; SM-G981B) AppleWebKit/537.36 (KHTML, like Gecko) Chrome/144.0.0.0 Mobile Safari/537.36', '2026-01-29 20:38:54'),
(162, 10, 3, '::1', 'Mozilla/5.0 (Linux; Android 13; SM-G981B) AppleWebKit/537.36 (KHTML, like Gecko) Chrome/144.0.0.0 Mobile Safari/537.36', '2026-01-29 20:39:24'),
(163, 6, 3, '::1', 'Mozilla/5.0 (Linux; Android 13; SM-G981B) AppleWebKit/537.36 (KHTML, like Gecko) Chrome/144.0.0.0 Mobile Safari/537.36', '2026-01-29 20:39:26'),
(164, 16, 1, '::1', 'Mozilla/5.0 (iPhone; CPU iPhone OS 18_5 like Mac OS X) AppleWebKit/605.1.15 (KHTML, like Gecko) Version/18.5 Mobile/15E148 Safari/604.1 Edg/144.0.0.0', '2026-01-29 20:44:19'),
(165, 8, 3, '::1', 'Mozilla/5.0 (Linux; Android 13; SM-G981B) AppleWebKit/537.36 (KHTML, like Gecko) Chrome/144.0.0.0 Mobile Safari/537.36', '2026-01-29 20:46:58'),
(166, 12, 3, '::1', 'Mozilla/5.0 (Linux; Android 13; SM-G981B) AppleWebKit/537.36 (KHTML, like Gecko) Chrome/144.0.0.0 Mobile Safari/537.36', '2026-01-29 20:47:15'),
(167, 7, 3, '::1', 'Mozilla/5.0 (Linux; Android 13; SM-G981B) AppleWebKit/537.36 (KHTML, like Gecko) Chrome/144.0.0.0 Mobile Safari/537.36', '2026-01-29 20:47:16'),
(168, 3, 1, '::1', 'Mozilla/5.0 (iPhone; CPU iPhone OS 18_5 like Mac OS X) AppleWebKit/605.1.15 (KHTML, like Gecko) Version/18.5 Mobile/15E148 Safari/604.1 Edg/144.0.0.0', '2026-01-29 20:51:05'),
(169, 11, 1, '::1', 'Mozilla/5.0 (iPhone; CPU iPhone OS 18_5 like Mac OS X) AppleWebKit/605.1.15 (KHTML, like Gecko) Version/18.5 Mobile/15E148 Safari/604.1 Edg/144.0.0.0', '2026-01-29 20:51:36'),
(170, 14, 1, '::1', 'Mozilla/5.0 (iPhone; CPU iPhone OS 18_5 like Mac OS X) AppleWebKit/605.1.15 (KHTML, like Gecko) Version/18.5 Mobile/15E148 Safari/604.1 Edg/144.0.0.0', '2026-01-29 20:51:39'),
(171, 8, 1, '::1', 'Mozilla/5.0 (Windows NT 10.0; Win64; x64) AppleWebKit/537.36 (KHTML, like Gecko) Chrome/144.0.0.0 Safari/537.36 Edg/144.0.0.0', '2026-01-30 10:19:49'),
(172, 10, 1, '::1', 'Mozilla/5.0 (Windows NT 10.0; Win64; x64) AppleWebKit/537.36 (KHTML, like Gecko) Chrome/144.0.0.0 Safari/537.36 Edg/144.0.0.0', '2026-01-30 10:19:58'),
(173, 12, 1, '::1', 'Mozilla/5.0 (Windows NT 10.0; Win64; x64) AppleWebKit/537.36 (KHTML, like Gecko) Chrome/144.0.0.0 Safari/537.36 Edg/144.0.0.0', '2026-01-30 10:20:00'),
(174, 5, 1, '::1', 'Mozilla/5.0 (Windows NT 10.0; Win64; x64) AppleWebKit/537.36 (KHTML, like Gecko) Chrome/144.0.0.0 Safari/537.36 Edg/144.0.0.0', '2026-01-30 10:20:09'),
(175, 15, 1, '::1', 'Mozilla/5.0 (Windows NT 10.0; Win64; x64) AppleWebKit/537.36 (KHTML, like Gecko) Chrome/144.0.0.0 Safari/537.36 Edg/144.0.0.0', '2026-01-30 10:20:11'),
(176, 4, 3, '::1', 'Mozilla/5.0 (Windows NT 10.0; Win64; x64) AppleWebKit/537.36 (KHTML, like Gecko) Chrome/144.0.0.0 Safari/537.36', '2026-01-30 10:22:04'),
(177, 3, 3, '::1', 'Mozilla/5.0 (Windows NT 10.0; Win64; x64) AppleWebKit/537.36 (KHTML, like Gecko) Chrome/144.0.0.0 Safari/537.36', '2026-01-30 10:22:13'),
(178, 6, 3, '::1', 'Mozilla/5.0 (Windows NT 10.0; Win64; x64) AppleWebKit/537.36 (KHTML, like Gecko) Chrome/144.0.0.0 Safari/537.36', '2026-01-30 10:22:17'),
(179, 9, 3, '::1', 'Mozilla/5.0 (Windows NT 10.0; Win64; x64) AppleWebKit/537.36 (KHTML, like Gecko) Chrome/144.0.0.0 Safari/537.36', '2026-01-30 10:22:40'),
(180, 7, 3, '::1', 'Mozilla/5.0 (iPhone; CPU iPhone OS 18_5 like Mac OS X) AppleWebKit/605.1.15 (KHTML, like Gecko) Version/18.5 Mobile/15E148 Safari/604.1', '2026-01-30 10:22:56'),
(181, 11, 3, '::1', 'Mozilla/5.0 (iPhone; CPU iPhone OS 18_5 like Mac OS X) AppleWebKit/605.1.15 (KHTML, like Gecko) Version/18.5 Mobile/15E148 Safari/604.1', '2026-01-30 10:24:30'),
(182, 14, 3, '::1', 'Mozilla/5.0 (iPhone; CPU iPhone OS 18_5 like Mac OS X) AppleWebKit/605.1.15 (KHTML, like Gecko) Version/18.5 Mobile/15E148 Safari/604.1', '2026-01-30 10:24:31'),
(183, 13, 3, '::1', 'Mozilla/5.0 (iPhone; CPU iPhone OS 18_5 like Mac OS X) AppleWebKit/605.1.15 (KHTML, like Gecko) Version/18.5 Mobile/15E148 Safari/604.1', '2026-01-30 10:24:33'),
(184, 2, 3, '::1', 'Mozilla/5.0 (iPhone; CPU iPhone OS 18_5 like Mac OS X) AppleWebKit/605.1.15 (KHTML, like Gecko) Version/18.5 Mobile/15E148 Safari/604.1', '2026-01-30 10:24:33'),
(185, 16, 3, '::1', 'Mozilla/5.0 (iPhone; CPU iPhone OS 18_5 like Mac OS X) AppleWebKit/605.1.15 (KHTML, like Gecko) Version/18.5 Mobile/15E148 Safari/604.1', '2026-01-30 10:25:40'),
(186, 17, 3, '::1', 'Mozilla/5.0 (iPhone; CPU iPhone OS 18_5 like Mac OS X) AppleWebKit/605.1.15 (KHTML, like Gecko) Version/18.5 Mobile/15E148 Safari/604.1', '2026-01-30 10:26:53'),
(187, 3, 1, '::1', 'Mozilla/5.0 (iPhone; CPU iPhone OS 18_5 like Mac OS X) AppleWebKit/605.1.15 (KHTML, like Gecko) Version/18.5 Mobile/15E148 Safari/604.1 Edg/144.0.0.0', '2026-01-30 10:59:33'),
(188, 8, 1, '::1', 'Mozilla/5.0 (iPhone; CPU iPhone OS 18_5 like Mac OS X) AppleWebKit/605.1.15 (KHTML, like Gecko) Version/18.5 Mobile/15E148 Safari/604.1 Edg/144.0.0.0', '2026-01-30 11:01:45'),
(189, 16, 2, '::1', 'Mozilla/5.0 (Windows NT 10.0; Win64; x64) AppleWebKit/537.36 (KHTML, like Gecko) Chrome/144.0.0.0 Safari/537.36', '2026-01-30 11:02:51'),
(190, 14, 1, '::1', 'Mozilla/5.0 (iPhone; CPU iPhone OS 18_5 like Mac OS X) AppleWebKit/605.1.15 (KHTML, like Gecko) Version/18.5 Mobile/15E148 Safari/604.1 Edg/144.0.0.0', '2026-01-30 11:03:23'),
(191, 10, 1, '::1', 'Mozilla/5.0 (Windows NT 10.0; Win64; x64) AppleWebKit/537.36 (KHTML, like Gecko) Chrome/144.0.0.0 Safari/537.36 Edg/144.0.0.0', '2026-01-30 11:04:30'),
(192, 11, 1, '::1', 'Mozilla/5.0 (Windows NT 10.0; Win64; x64) AppleWebKit/537.36 (KHTML, like Gecko) Chrome/144.0.0.0 Safari/537.36 Edg/144.0.0.0', '2026-01-30 11:04:36'),
(193, 5, 1, '::1', 'Mozilla/5.0 (Windows NT 10.0; Win64; x64) AppleWebKit/537.36 (KHTML, like Gecko) Chrome/144.0.0.0 Safari/537.36 Edg/144.0.0.0', '2026-01-30 11:04:37'),
(194, 15, 1, '::1', 'Mozilla/5.0 (Windows NT 10.0; Win64; x64) AppleWebKit/537.36 (KHTML, like Gecko) Chrome/144.0.0.0 Safari/537.36 Edg/144.0.0.0', '2026-01-30 11:04:38'),
(195, 13, 1, '::1', 'Mozilla/5.0 (Windows NT 10.0; Win64; x64) AppleWebKit/537.36 (KHTML, like Gecko) Chrome/144.0.0.0 Safari/537.36 Edg/144.0.0.0', '2026-01-30 11:04:48'),
(196, 12, 1, '::1', 'Mozilla/5.0 (Windows NT 10.0; Win64; x64) AppleWebKit/537.36 (KHTML, like Gecko) Chrome/144.0.0.0 Safari/537.36 Edg/144.0.0.0', '2026-01-30 11:04:51'),
(197, 6, 3, '::1', 'Mozilla/5.0 (iPhone; CPU iPhone OS 18_5 like Mac OS X) AppleWebKit/605.1.15 (KHTML, like Gecko) Version/18.5 Mobile/15E148 Safari/604.1', '2026-01-30 11:16:39'),
(198, 4, 2, '::1', 'Mozilla/5.0 (Windows NT 10.0; Win64; x64) AppleWebKit/537.36 (KHTML, like Gecko) Chrome/144.0.0.0 Safari/537.36', '2026-01-30 11:18:39'),
(199, 17, 2, '::1', 'Mozilla/5.0 (Windows NT 10.0; Win64; x64) AppleWebKit/537.36 (KHTML, like Gecko) Chrome/144.0.0.0 Safari/537.36', '2026-01-30 11:31:54'),
(200, 7, 3, '::1', 'Mozilla/5.0 (iPhone; CPU iPhone OS 18_5 like Mac OS X) AppleWebKit/605.1.15 (KHTML, like Gecko) Version/18.5 Mobile/15E148 Safari/604.1', '2026-01-30 11:32:41'),
(201, 9, 2, '::1', 'Mozilla/5.0 (Windows NT 10.0; Win64; x64) AppleWebKit/537.36 (KHTML, like Gecko) Chrome/144.0.0.0 Safari/537.36', '2026-01-30 11:35:38'),
(202, 12, 3, '::1', 'Mozilla/5.0 (iPhone; CPU iPhone OS 18_5 like Mac OS X) AppleWebKit/605.1.15 (KHTML, like Gecko) Version/18.5 Mobile/15E148 Safari/604.1', '2026-01-30 11:43:09'),
(203, 2, 2, '::1', 'Mozilla/5.0 (Windows NT 10.0; Win64; x64) AppleWebKit/537.36 (KHTML, like Gecko) Chrome/144.0.0.0 Safari/537.36', '2026-01-30 11:43:16'),
(204, 16, 2, '::1', 'Mozilla/5.0 (Windows NT 10.0; Win64; x64) AppleWebKit/537.36 (KHTML, like Gecko) Chrome/144.0.0.0 Safari/537.36', '2026-01-30 11:48:02'),
(205, 5, 2, '::1', 'Mozilla/5.0 (Windows NT 10.0; Win64; x64) AppleWebKit/537.36 (KHTML, like Gecko) Chrome/144.0.0.0 Safari/537.36', '2026-01-30 11:56:36'),
(206, 11, 3, '::1', 'Mozilla/5.0 (iPhone; CPU iPhone OS 18_5 like Mac OS X) AppleWebKit/605.1.15 (KHTML, like Gecko) Version/18.5 Mobile/15E148 Safari/604.1', '2026-01-30 11:56:39'),
(207, 15, 3, '::1', 'Mozilla/5.0 (iPhone; CPU iPhone OS 18_5 like Mac OS X) AppleWebKit/605.1.15 (KHTML, like Gecko) Version/18.5 Mobile/15E148 Safari/604.1', '2026-01-30 12:00:18'),
(208, 7, 3, '::1', 'Mozilla/5.0 (iPhone; CPU iPhone OS 18_5 like Mac OS X) AppleWebKit/605.1.15 (KHTML, like Gecko) Version/18.5 Mobile/15E148 Safari/604.1', '2026-01-30 12:06:41'),
(209, 13, 3, '::1', 'Mozilla/5.0 (iPhone; CPU iPhone OS 18_5 like Mac OS X) AppleWebKit/605.1.15 (KHTML, like Gecko) Version/18.5 Mobile/15E148 Safari/604.1', '2026-01-30 12:06:43'),
(210, 3, 1, '::1', 'Mozilla/5.0 (iPhone; CPU iPhone OS 18_5 like Mac OS X) AppleWebKit/605.1.15 (KHTML, like Gecko) Version/18.5 Mobile/15E148 Safari/604.1 Edg/144.0.0.0', '2026-01-30 12:06:50'),
(211, 9, 2, '::1', 'Mozilla/5.0 (Windows NT 10.0; Win64; x64) AppleWebKit/537.36 (KHTML, like Gecko) Chrome/144.0.0.0 Safari/537.36', '2026-01-30 12:06:56'),
(212, 12, 3, '::1', 'Mozilla/5.0 (iPhone; CPU iPhone OS 18_5 like Mac OS X) AppleWebKit/605.1.15 (KHTML, like Gecko) Version/18.5 Mobile/15E148 Safari/604.1', '2026-01-30 12:20:20'),
(213, 17, 2, '::1', 'Mozilla/5.0 (Windows NT 10.0; Win64; x64) AppleWebKit/537.36 (KHTML, like Gecko) Chrome/144.0.0.0 Safari/537.36', '2026-01-30 12:20:25'),
(214, 15, 1, '::1', 'Mozilla/5.0 (iPhone; CPU iPhone OS 18_5 like Mac OS X) AppleWebKit/605.1.15 (KHTML, like Gecko) Version/18.5 Mobile/15E148 Safari/604.1 Edg/144.0.0.0', '2026-01-30 12:32:46'),
(215, 3, 1, '::1', 'Mozilla/5.0 (iPhone; CPU iPhone OS 18_5 like Mac OS X) AppleWebKit/605.1.15 (KHTML, like Gecko) Version/18.5 Mobile/15E148 Safari/604.1 Edg/144.0.0.0', '2026-01-30 12:38:26'),
(216, 4, 2, '::1', 'Mozilla/5.0 (Windows NT 10.0; Win64; x64) AppleWebKit/537.36 (KHTML, like Gecko) Chrome/144.0.0.0 Safari/537.36', '2026-01-30 12:38:42'),
(217, 16, 2, '::1', 'Mozilla/5.0 (Windows NT 10.0; Win64; x64) AppleWebKit/537.36 (KHTML, like Gecko) Chrome/144.0.0.0 Safari/537.36', '2026-01-30 13:00:42'),
(218, 6, 2, '::1', 'Mozilla/5.0 (Windows NT 10.0; Win64; x64) AppleWebKit/537.36 (KHTML, like Gecko) Chrome/144.0.0.0 Safari/537.36', '2026-01-30 18:13:11'),
(219, 8, 1, '::1', 'Mozilla/5.0 (Windows NT 10.0; Win64; x64) AppleWebKit/537.36 (KHTML, like Gecko) Chrome/144.0.0.0 Safari/537.36 Edg/144.0.0.0', '2026-01-30 18:13:21'),
(220, 7, 2, '::1', 'Mozilla/5.0 (Windows NT 10.0; Win64; x64) AppleWebKit/537.36 (KHTML, like Gecko) Chrome/144.0.0.0 Safari/537.36', '2026-01-30 18:14:14'),
(221, 16, 2, '::1', 'Mozilla/5.0 (Windows NT 10.0; Win64; x64) AppleWebKit/537.36 (KHTML, like Gecko) Chrome/144.0.0.0 Safari/537.36', '2026-01-30 18:14:15'),
(222, 4, 2, '::1', 'Mozilla/5.0 (Windows NT 10.0; Win64; x64) AppleWebKit/537.36 (KHTML, like Gecko) Chrome/144.0.0.0 Safari/537.36', '2026-01-30 18:14:16'),
(223, 17, 2, '::1', 'Mozilla/5.0 (Windows NT 10.0; Win64; x64) AppleWebKit/537.36 (KHTML, like Gecko) Chrome/144.0.0.0 Safari/537.36', '2026-01-30 18:14:16'),
(224, 9, 2, '::1', 'Mozilla/5.0 (Windows NT 10.0; Win64; x64) AppleWebKit/537.36 (KHTML, like Gecko) Chrome/144.0.0.0 Safari/537.36', '2026-01-30 18:14:17'),
(225, 5, 2, '::1', 'Mozilla/5.0 (Windows NT 10.0; Win64; x64) AppleWebKit/537.36 (KHTML, like Gecko) Chrome/144.0.0.0 Safari/537.36', '2026-01-30 18:14:18'),
(226, 2, 2, '::1', 'Mozilla/5.0 (Windows NT 10.0; Win64; x64) AppleWebKit/537.36 (KHTML, like Gecko) Chrome/144.0.0.0 Safari/537.36', '2026-01-30 18:14:19'),
(227, 10, 1, '::1', 'Mozilla/5.0 (Windows NT 10.0; Win64; x64) AppleWebKit/537.36 (KHTML, like Gecko) Chrome/144.0.0.0 Safari/537.36 Edg/144.0.0.0', '2026-01-30 18:14:34'),
(228, 12, 1, '::1', 'Mozilla/5.0 (Windows NT 10.0; Win64; x64) AppleWebKit/537.36 (KHTML, like Gecko) Chrome/144.0.0.0 Safari/537.36 Edg/144.0.0.0', '2026-01-30 18:14:39'),
(229, 11, 1, '::1', 'Mozilla/5.0 (Windows NT 10.0; Win64; x64) AppleWebKit/537.36 (KHTML, like Gecko) Chrome/144.0.0.0 Safari/537.36 Edg/144.0.0.0', '2026-01-30 18:16:48'),
(230, 13, 1, '::1', 'Mozilla/5.0 (Windows NT 10.0; Win64; x64) AppleWebKit/537.36 (KHTML, like Gecko) Chrome/144.0.0.0 Safari/537.36 Edg/144.0.0.0', '2026-02-01 00:26:50'),
(231, 6, 3, '::1', 'Mozilla/5.0 (Windows NT 10.0; Win64; x64) AppleWebKit/537.36 (KHTML, like Gecko) Chrome/144.0.0.0 Safari/537.36', '2026-02-01 00:29:05'),
(232, 5, 1, '::1', 'Mozilla/5.0 (Windows NT 10.0; Win64; x64) AppleWebKit/537.36 (KHTML, like Gecko) Chrome/144.0.0.0 Safari/537.36 Edg/144.0.0.0', '2026-02-01 00:29:15'),
(233, 10, 1, '::1', 'Mozilla/5.0 (Windows NT 10.0; Win64; x64) AppleWebKit/537.36 (KHTML, like Gecko) Chrome/144.0.0.0 Safari/537.36 Edg/144.0.0.0', '2026-02-01 00:29:15'),
(234, 4, 3, '::1', 'Mozilla/5.0 (Windows NT 10.0; Win64; x64) AppleWebKit/537.36 (KHTML, like Gecko) Chrome/144.0.0.0 Safari/537.36', '2026-02-01 00:29:19'),
(235, 15, 3, '::1', 'Mozilla/5.0 (Windows NT 10.0; Win64; x64) AppleWebKit/537.36 (KHTML, like Gecko) Chrome/144.0.0.0 Safari/537.36', '2026-02-01 00:29:42'),
(236, 2, 3, '::1', 'Mozilla/5.0 (Windows NT 10.0; Win64; x64) AppleWebKit/537.36 (KHTML, like Gecko) Chrome/144.0.0.0 Safari/537.36', '2026-02-01 00:29:46'),
(237, 7, 3, '::1', 'Mozilla/5.0 (Windows NT 10.0; Win64; x64) AppleWebKit/537.36 (KHTML, like Gecko) Chrome/144.0.0.0 Safari/537.36', '2026-02-01 00:29:46'),
(238, 9, 3, '::1', 'Mozilla/5.0 (Windows NT 10.0; Win64; x64) AppleWebKit/537.36 (KHTML, like Gecko) Chrome/144.0.0.0 Safari/537.36', '2026-02-01 00:29:49'),
(239, 17, 3, '::1', 'Mozilla/5.0 (Windows NT 10.0; Win64; x64) AppleWebKit/537.36 (KHTML, like Gecko) Chrome/144.0.0.0 Safari/537.36', '2026-02-01 00:29:49'),
(240, 12, 3, '::1', 'Mozilla/5.0 (Windows NT 10.0; Win64; x64) AppleWebKit/537.36 (KHTML, like Gecko) Chrome/144.0.0.0 Safari/537.36', '2026-02-01 00:29:50'),
(241, 11, 3, '::1', 'Mozilla/5.0 (Windows NT 10.0; Win64; x64) AppleWebKit/537.36 (KHTML, like Gecko) Chrome/144.0.0.0 Safari/537.36', '2026-02-01 00:29:51'),
(242, 3, 3, '::1', 'Mozilla/5.0 (Windows NT 10.0; Win64; x64) AppleWebKit/537.36 (KHTML, like Gecko) Chrome/144.0.0.0 Safari/537.36', '2026-02-01 00:29:51'),
(243, 14, 3, '::1', 'Mozilla/5.0 (Windows NT 10.0; Win64; x64) AppleWebKit/537.36 (KHTML, like Gecko) Chrome/144.0.0.0 Safari/537.36', '2026-02-01 00:29:52'),
(244, 8, 3, '::1', 'Mozilla/5.0 (Windows NT 10.0; Win64; x64) AppleWebKit/537.36 (KHTML, like Gecko) Chrome/144.0.0.0 Safari/537.36', '2026-02-01 00:29:53'),
(245, 16, 1, '::1', 'Mozilla/5.0 (Windows NT 10.0; Win64; x64) AppleWebKit/537.36 (KHTML, like Gecko) Chrome/144.0.0.0 Safari/537.36 Edg/144.0.0.0', '2026-02-01 00:30:31'),
(246, 13, 1, '::1', 'Mozilla/5.0 (iPhone; CPU iPhone OS 18_5 like Mac OS X) AppleWebKit/605.1.15 (KHTML, like Gecko) Version/18.5 Mobile/15E148 Safari/604.1 Edg/144.0.0.0', '2026-02-01 01:00:35'),
(247, 10, 1, '::1', 'Mozilla/5.0 (iPhone; CPU iPhone OS 18_5 like Mac OS X) AppleWebKit/605.1.15 (KHTML, like Gecko) Version/18.5 Mobile/15E148 Safari/604.1 Edg/144.0.0.0', '2026-02-01 01:00:35'),
(248, 6, 1, '::1', 'Mozilla/5.0 (iPhone; CPU iPhone OS 18_5 like Mac OS X) AppleWebKit/605.1.15 (KHTML, like Gecko) Version/18.5 Mobile/15E148 Safari/604.1 Edg/144.0.0.0', '2026-02-01 01:00:59'),
(249, 17, 3, '::1', 'Mozilla/5.0 (Windows NT 10.0; Win64; x64) AppleWebKit/537.36 (KHTML, like Gecko) Chrome/144.0.0.0 Safari/537.36', '2026-02-01 01:08:55'),
(250, 7, 3, '::1', 'Mozilla/5.0 (Windows NT 10.0; Win64; x64) AppleWebKit/537.36 (KHTML, like Gecko) Chrome/144.0.0.0 Safari/537.36', '2026-02-01 01:08:57'),
(251, 14, 3, '::1', 'Mozilla/5.0 (Windows NT 10.0; Win64; x64) AppleWebKit/537.36 (KHTML, like Gecko) Chrome/144.0.0.0 Safari/537.36', '2026-02-01 01:08:58'),
(252, 9, 3, '::1', 'Mozilla/5.0 (Windows NT 10.0; Win64; x64) AppleWebKit/537.36 (KHTML, like Gecko) Chrome/144.0.0.0 Safari/537.36', '2026-02-01 01:17:18'),
(253, 8, 3, '::1', 'Mozilla/5.0 (Windows NT 10.0; Win64; x64) AppleWebKit/537.36 (KHTML, like Gecko) Chrome/144.0.0.0 Safari/537.36', '2026-02-01 01:17:21'),
(254, 4, 3, '::1', 'Mozilla/5.0 (Windows NT 10.0; Win64; x64) AppleWebKit/537.36 (KHTML, like Gecko) Chrome/144.0.0.0 Safari/537.36', '2026-02-01 01:23:06'),
(255, 12, 3, '::1', 'Mozilla/5.0 (Windows NT 10.0; Win64; x64) AppleWebKit/537.36 (KHTML, like Gecko) Chrome/144.0.0.0 Safari/537.36', '2026-02-01 01:23:07'),
(256, 10, 3, '::1', 'Mozilla/5.0 (Windows NT 10.0; Win64; x64) AppleWebKit/537.36 (KHTML, like Gecko) Chrome/144.0.0.0 Safari/537.36', '2026-02-01 01:31:22'),
(257, 6, 3, '::1', 'Mozilla/5.0 (Windows NT 10.0; Win64; x64) AppleWebKit/537.36 (KHTML, like Gecko) Chrome/144.0.0.0 Safari/537.36', '2026-02-01 01:31:24'),
(258, 5, 1, '::1', 'Mozilla/5.0 (iPhone; CPU iPhone OS 18_5 like Mac OS X) AppleWebKit/605.1.15 (KHTML, like Gecko) Version/18.5 Mobile/15E148 Safari/604.1 Edg/144.0.0.0', '2026-02-01 01:34:00'),
(259, 4, 1, '::1', 'Mozilla/5.0 (iPhone; CPU iPhone OS 18_5 like Mac OS X) AppleWebKit/605.1.15 (KHTML, like Gecko) Version/18.5 Mobile/15E148 Safari/604.1 Edg/144.0.0.0', '2026-02-01 01:54:19'),
(260, 9, 3, '::1', 'Mozilla/5.0 (iPhone; CPU iPhone OS 18_5 like Mac OS X) AppleWebKit/605.1.15 (KHTML, like Gecko) Version/18.5 Mobile/15E148 Safari/604.1', '2026-02-01 02:01:23'),
(261, 12, 3, '::1', 'Mozilla/5.0 (iPhone; CPU iPhone OS 18_5 like Mac OS X) AppleWebKit/605.1.15 (KHTML, like Gecko) Version/18.5 Mobile/15E148 Safari/604.1', '2026-02-01 02:02:29'),
(262, 14, 3, '::1', 'Mozilla/5.0 (iPhone; CPU iPhone OS 18_5 like Mac OS X) AppleWebKit/605.1.15 (KHTML, like Gecko) Version/18.5 Mobile/15E148 Safari/604.1', '2026-02-01 02:03:01'),
(263, 13, 1, '::1', 'Mozilla/5.0 (iPhone; CPU iPhone OS 18_5 like Mac OS X) AppleWebKit/605.1.15 (KHTML, like Gecko) Version/18.5 Mobile/15E148 Safari/604.1 Edg/144.0.0.0', '2026-02-01 02:04:31'),
(264, 5, 1, '::1', 'Mozilla/5.0 (Windows NT 10.0; Win64; x64) AppleWebKit/537.36 (KHTML, like Gecko) Chrome/144.0.0.0 Safari/537.36 Edg/144.0.0.0', '2026-02-01 02:05:35'),
(265, 16, 1, '::1', 'Mozilla/5.0 (Windows NT 10.0; Win64; x64) AppleWebKit/537.36 (KHTML, like Gecko) Chrome/144.0.0.0 Safari/537.36 Edg/144.0.0.0', '2026-02-01 02:05:41'),
(266, 5, 1, '::1', 'Mozilla/5.0 (Windows NT 10.0; Win64; x64) AppleWebKit/537.36 (KHTML, like Gecko) Chrome/144.0.0.0 Safari/537.36 Edg/144.0.0.0', '2026-02-01 10:04:00'),
(267, 15, 1, '::1', 'Mozilla/5.0 (Windows NT 10.0; Win64; x64) AppleWebKit/537.36 (KHTML, like Gecko) Chrome/144.0.0.0 Safari/537.36 Edg/144.0.0.0', '2026-02-01 10:06:10'),
(268, 13, 1, '::1', 'Mozilla/5.0 (Windows NT 10.0; Win64; x64) AppleWebKit/537.36 (KHTML, like Gecko) Chrome/144.0.0.0 Safari/537.36 Edg/144.0.0.0', '2026-02-01 10:06:11'),
(269, 10, 3, '::1', 'Mozilla/5.0 (Windows NT 10.0; Win64; x64) AppleWebKit/537.36 (KHTML, like Gecko) Chrome/144.0.0.0 Safari/537.36', '2026-02-01 10:25:15'),
(270, 8, 1, '::1', 'Mozilla/5.0 (Windows NT 10.0; Win64; x64) AppleWebKit/537.36 (KHTML, like Gecko) Chrome/144.0.0.0 Safari/537.36 Edg/144.0.0.0', '2026-02-01 10:26:40'),
(271, 11, 1, '::1', 'Mozilla/5.0 (Windows NT 10.0; Win64; x64) AppleWebKit/537.36 (KHTML, like Gecko) Chrome/144.0.0.0 Safari/537.36 Edg/144.0.0.0', '2026-02-01 10:26:40'),
(272, 3, 1, '::1', 'Mozilla/5.0 (Windows NT 10.0; Win64; x64) AppleWebKit/537.36 (KHTML, like Gecko) Chrome/144.0.0.0 Safari/537.36 Edg/144.0.0.0', '2026-02-01 10:26:41'),
(273, 14, 1, '::1', 'Mozilla/5.0 (Windows NT 10.0; Win64; x64) AppleWebKit/537.36 (KHTML, like Gecko) Chrome/144.0.0.0 Safari/537.36 Edg/144.0.0.0', '2026-02-01 10:26:43'),
(274, 16, 1, '::1', 'Mozilla/5.0 (Windows NT 10.0; Win64; x64) AppleWebKit/537.36 (KHTML, like Gecko) Chrome/144.0.0.0 Safari/537.36 Edg/144.0.0.0', '2026-02-01 10:26:44'),
(275, 12, 1, '::1', 'Mozilla/5.0 (Windows NT 10.0; Win64; x64) AppleWebKit/537.36 (KHTML, like Gecko) Chrome/144.0.0.0 Safari/537.36 Edg/144.0.0.0', '2026-02-01 10:33:50'),
(276, 5, 1, '::1', 'Mozilla/5.0 (Windows NT 10.0; Win64; x64) AppleWebKit/537.36 (KHTML, like Gecko) Chrome/144.0.0.0 Safari/537.36 Edg/144.0.0.0', '2026-02-01 10:34:42'),
(277, 13, 1, '::1', 'Mozilla/5.0 (iPhone; CPU iPhone OS 18_5 like Mac OS X) AppleWebKit/605.1.15 (KHTML, like Gecko) Version/18.5 Mobile/15E148 Safari/604.1 Edg/144.0.0.0', '2026-02-01 10:39:19'),
(278, 15, 1, '::1', 'Mozilla/5.0 (iPhone; CPU iPhone OS 18_5 like Mac OS X) AppleWebKit/605.1.15 (KHTML, like Gecko) Version/18.5 Mobile/15E148 Safari/604.1 Edg/144.0.0.0', '2026-02-01 10:39:20'),
(279, 5, 1, '::1', 'Mozilla/5.0 (iPhone; CPU iPhone OS 18_5 like Mac OS X) AppleWebKit/605.1.15 (KHTML, like Gecko) Version/18.5 Mobile/15E148 Safari/604.1 Edg/144.0.0.0', '2026-02-01 11:07:02'),
(280, 4, 3, '::1', 'Mozilla/5.0 (Windows NT 10.0; Win64; x64) AppleWebKit/537.36 (KHTML, like Gecko) Chrome/144.0.0.0 Safari/537.36', '2026-02-01 11:29:28'),
(281, 15, 1, '::1', 'Mozilla/5.0 (iPhone; CPU iPhone OS 18_5 like Mac OS X) AppleWebKit/605.1.15 (KHTML, like Gecko) Version/18.5 Mobile/15E148 Safari/604.1 Edg/144.0.0.0', '2026-02-01 11:33:36'),
(282, 13, 1, '::1', 'Mozilla/5.0 (iPhone; CPU iPhone OS 18_5 like Mac OS X) AppleWebKit/605.1.15 (KHTML, like Gecko) Version/18.5 Mobile/15E148 Safari/604.1 Edg/144.0.0.0', '2026-02-01 11:33:38'),
(283, 8, 1, '::1', 'Mozilla/5.0 (iPhone; CPU iPhone OS 18_5 like Mac OS X) AppleWebKit/605.1.15 (KHTML, like Gecko) Version/18.5 Mobile/15E148 Safari/604.1 Edg/144.0.0.0', '2026-02-01 11:33:39'),
(284, 5, 1, '::1', 'Mozilla/5.0 (iPhone; CPU iPhone OS 18_5 like Mac OS X) AppleWebKit/605.1.15 (KHTML, like Gecko) Version/18.5 Mobile/15E148 Safari/604.1 Edg/144.0.0.0', '2026-02-01 11:42:34'),
(285, 11, 1, '::1', 'Mozilla/5.0 (iPhone; CPU iPhone OS 18_5 like Mac OS X) AppleWebKit/605.1.15 (KHTML, like Gecko) Version/18.5 Mobile/15E148 Safari/604.1 Edg/144.0.0.0', '2026-02-01 11:42:42'),
(286, 3, 1, '::1', 'Mozilla/5.0 (iPhone; CPU iPhone OS 18_5 like Mac OS X) AppleWebKit/605.1.15 (KHTML, like Gecko) Version/18.5 Mobile/15E148 Safari/604.1 Edg/144.0.0.0', '2026-02-01 11:43:34'),
(287, 16, 1, '::1', 'Mozilla/5.0 (Windows NT 10.0; Win64; x64) AppleWebKit/537.36 (KHTML, like Gecko) Chrome/144.0.0.0 Safari/537.36 Edg/144.0.0.0', '2026-02-01 12:22:38'),
(288, 15, 1, '::1', 'Mozilla/5.0 (iPhone; CPU iPhone OS 18_5 like Mac OS X) AppleWebKit/605.1.15 (KHTML, like Gecko) Version/18.5 Mobile/15E148 Safari/604.1 Edg/144.0.0.0', '2026-02-01 12:22:53'),
(289, 10, 3, '::1', 'Mozilla/5.0 (Windows NT 10.0; Win64; x64) AppleWebKit/537.36 (KHTML, like Gecko) Chrome/144.0.0.0 Safari/537.36', '2026-02-01 12:30:11'),
(290, 5, 1, '::1', 'Mozilla/5.0 (iPhone; CPU iPhone OS 18_5 like Mac OS X) AppleWebKit/605.1.15 (KHTML, like Gecko) Version/18.5 Mobile/15E148 Safari/604.1 Edg/144.0.0.0', '2026-02-01 12:39:47');
INSERT INTO `video_views` (`id`, `video_id`, `user_id`, `ip_address`, `user_agent`, `viewed_at`) VALUES
(291, 11, 1, '::1', 'Mozilla/5.0 (iPhone; CPU iPhone OS 18_5 like Mac OS X) AppleWebKit/605.1.15 (KHTML, like Gecko) Version/18.5 Mobile/15E148 Safari/604.1 Edg/144.0.0.0', '2026-02-01 12:39:47'),
(292, 17, 3, '::1', 'Mozilla/5.0 (Windows NT 10.0; Win64; x64) AppleWebKit/537.36 (KHTML, like Gecko) Chrome/144.0.0.0 Safari/537.36', '2026-02-01 12:57:49'),
(293, 5, 1, '::1', 'Mozilla/5.0 (iPhone; CPU iPhone OS 18_5 like Mac OS X) AppleWebKit/605.1.15 (KHTML, like Gecko) Version/18.5 Mobile/15E148 Safari/604.1 Edg/144.0.0.0', '2026-02-01 13:11:28'),
(294, 11, 1, '::1', 'Mozilla/5.0 (iPhone; CPU iPhone OS 18_5 like Mac OS X) AppleWebKit/605.1.15 (KHTML, like Gecko) Version/18.5 Mobile/15E148 Safari/604.1 Edg/144.0.0.0', '2026-02-01 13:11:28'),
(295, 10, 2, '::1', 'Mozilla/5.0 (Windows NT 10.0; Win64; x64) AppleWebKit/537.36 (KHTML, like Gecko) Chrome/144.0.0.0 Safari/537.36', '2026-02-01 13:15:28'),
(296, 9, 2, '::1', 'Mozilla/5.0 (Windows NT 10.0; Win64; x64) AppleWebKit/537.36 (KHTML, like Gecko) Chrome/144.0.0.0 Safari/537.36', '2026-02-01 13:38:41'),
(297, 16, 4, '::1', 'Mozilla/5.0 (Windows NT 10.0; Win64; x64) AppleWebKit/537.36 (KHTML, like Gecko) Chrome/144.0.0.0 Safari/537.36 Edg/144.0.0.0', '2026-02-01 13:39:03'),
(298, 17, 2, '::1', 'Mozilla/5.0 (Windows NT 10.0; Win64; x64) AppleWebKit/537.36 (KHTML, like Gecko) Chrome/144.0.0.0 Safari/537.36', '2026-02-01 13:39:35'),
(299, 5, 1, '::1', 'Mozilla/5.0 (iPhone; CPU iPhone OS 18_5 like Mac OS X) AppleWebKit/605.1.15 (KHTML, like Gecko) Version/18.5 Mobile/15E148 Safari/604.1 Edg/144.0.0.0', '2026-02-01 13:46:34'),
(300, 10, 5, '::1', 'Mozilla/5.0 (Windows NT 10.0; Win64; x64) AppleWebKit/537.36 (KHTML, like Gecko) Chrome/144.0.0.0 Safari/537.36', '2026-02-01 13:48:48'),
(301, 17, 7, '::1', 'Mozilla/5.0 (iPhone; CPU iPhone OS 18_5 like Mac OS X) AppleWebKit/605.1.15 (KHTML, like Gecko) Version/18.5 Mobile/15E148 Safari/604.1', '2026-02-01 14:10:31'),
(302, 10, 7, '::1', 'Mozilla/5.0 (Windows NT 10.0; Win64; x64) AppleWebKit/537.36 (KHTML, like Gecko) Chrome/144.0.0.0 Safari/537.36', '2026-02-01 14:19:22'),
(303, 14, 4, '::1', 'Mozilla/5.0 (Windows NT 10.0; Win64; x64) AppleWebKit/537.36 (KHTML, like Gecko) Chrome/144.0.0.0 Safari/537.36 Edg/144.0.0.0', '2026-02-01 14:31:36'),
(304, 3, 7, '::1', 'Mozilla/5.0 (iPhone; CPU iPhone OS 18_5 like Mac OS X) AppleWebKit/605.1.15 (KHTML, like Gecko) Version/18.5 Mobile/15E148 Safari/604.1', '2026-02-01 14:39:11'),
(305, 15, 7, '::1', 'Mozilla/5.0 (iPhone; CPU iPhone OS 18_5 like Mac OS X) AppleWebKit/605.1.15 (KHTML, like Gecko) Version/18.5 Mobile/15E148 Safari/604.1', '2026-02-01 14:49:29'),
(306, 10, 7, '::1', 'Mozilla/5.0 (iPhone; CPU iPhone OS 18_5 like Mac OS X) AppleWebKit/605.1.15 (KHTML, like Gecko) Version/18.5 Mobile/15E148 Safari/604.1', '2026-02-01 14:49:41'),
(307, 17, 7, '::1', 'Mozilla/5.0 (iPhone; CPU iPhone OS 18_5 like Mac OS X) AppleWebKit/605.1.15 (KHTML, like Gecko) Version/18.5 Mobile/15E148 Safari/604.1', '2026-02-01 14:51:46'),
(308, 9, 7, '::1', 'Mozilla/5.0 (iPhone; CPU iPhone OS 18_5 like Mac OS X) AppleWebKit/605.1.15 (KHTML, like Gecko) Version/18.5 Mobile/15E148 Safari/604.1', '2026-02-01 14:51:56'),
(309, 12, 7, '::1', 'Mozilla/5.0 (iPhone; CPU iPhone OS 18_5 like Mac OS X) AppleWebKit/605.1.15 (KHTML, like Gecko) Version/18.5 Mobile/15E148 Safari/604.1', '2026-02-01 14:52:31'),
(310, 5, 1, '::1', 'Mozilla/5.0 (Windows NT 10.0; Win64; x64) AppleWebKit/537.36 (KHTML, like Gecko) Chrome/144.0.0.0 Safari/537.36 Edg/144.0.0.0', '2026-02-01 15:13:52'),
(311, 8, 1, '::1', 'Mozilla/5.0 (Linux; Android 6.0; Nexus 5 Build/MRA58N) AppleWebKit/537.36 (KHTML, like Gecko) Chrome/144.0.0.0 Mobile Safari/537.36 Edg/144.0.0.0', '2026-02-01 15:20:48'),
(312, 15, 1, '::1', 'Mozilla/5.0 (Windows NT 10.0; Win64; x64) AppleWebKit/537.36 (KHTML, like Gecko) Chrome/144.0.0.0 Safari/537.36 Edg/144.0.0.0', '2026-02-01 15:36:14'),
(313, 10, 1, '::1', 'Mozilla/5.0 (Windows NT 10.0; Win64; x64) AppleWebKit/537.36 (KHTML, like Gecko) Chrome/144.0.0.0 Safari/537.36 Edg/144.0.0.0', '2026-02-01 15:43:11'),
(314, 5, 3, '::1', 'Mozilla/5.0 (Windows NT 10.0; Win64; x64) AppleWebKit/537.36 (KHTML, like Gecko) Chrome/144.0.0.0 Safari/537.36', '2026-02-01 16:57:55'),
(315, 4, 3, '::1', 'Mozilla/5.0 (Windows NT 10.0; Win64; x64) AppleWebKit/537.36 (KHTML, like Gecko) Chrome/144.0.0.0 Safari/537.36', '2026-02-01 16:58:53'),
(316, 10, 3, '::1', 'Mozilla/5.0 (Windows NT 10.0; Win64; x64) AppleWebKit/537.36 (KHTML, like Gecko) Chrome/144.0.0.0 Safari/537.36', '2026-02-01 17:26:38'),
(317, 3, 3, '::1', 'Mozilla/5.0 (Windows NT 10.0; Win64; x64) AppleWebKit/537.36 (KHTML, like Gecko) Chrome/144.0.0.0 Safari/537.36', '2026-02-01 17:31:48'),
(318, 10, 3, '::1', 'Mozilla/5.0 (Windows NT 10.0; Win64; x64) AppleWebKit/537.36 (KHTML, like Gecko) Chrome/144.0.0.0 Safari/537.36', '2026-02-01 18:02:07'),
(319, 3, 3, '::1', 'Mozilla/5.0 (Windows NT 10.0; Win64; x64) AppleWebKit/537.36 (KHTML, like Gecko) Chrome/144.0.0.0 Safari/537.36', '2026-02-01 18:02:07'),
(320, 15, 1, '::1', 'Mozilla/5.0 (Linux; Android 6.0; Nexus 5 Build/MRA58N) AppleWebKit/537.36 (KHTML, like Gecko) Chrome/144.0.0.0 Mobile Safari/537.36 Edg/144.0.0.0', '2026-02-01 18:04:14'),
(321, 14, 1, '::1', 'Mozilla/5.0 (Linux; Android 6.0; Nexus 5 Build/MRA58N) AppleWebKit/537.36 (KHTML, like Gecko) Chrome/144.0.0.0 Mobile Safari/537.36 Edg/144.0.0.0', '2026-02-01 18:06:12'),
(322, 17, 2, '::1', 'Mozilla/5.0 (Windows NT 10.0; Win64; x64) AppleWebKit/537.36 (KHTML, like Gecko) Chrome/144.0.0.0 Safari/537.36 Edg/144.0.0.0', '2026-02-01 20:32:23'),
(323, 7, 2, '::1', 'Mozilla/5.0 (Windows NT 10.0; Win64; x64) AppleWebKit/537.36 (KHTML, like Gecko) Chrome/144.0.0.0 Safari/537.36 Edg/144.0.0.0', '2026-02-01 20:32:57'),
(324, 16, 2, '::1', 'Mozilla/5.0 (Windows NT 10.0; Win64; x64) AppleWebKit/537.36 (KHTML, like Gecko) Chrome/144.0.0.0 Safari/537.36 Edg/144.0.0.0', '2026-02-01 20:32:58'),
(325, 2, 2, '::1', 'Mozilla/5.0 (Windows NT 10.0; Win64; x64) AppleWebKit/537.36 (KHTML, like Gecko) Chrome/144.0.0.0 Safari/537.36 Edg/144.0.0.0', '2026-02-01 20:33:18'),
(326, 11, 3, '::1', 'Mozilla/5.0 (iPhone; CPU iPhone OS 18_5 like Mac OS X) AppleWebKit/605.1.15 (KHTML, like Gecko) Version/18.5 Mobile/15E148 Safari/604.1', '2026-02-01 20:52:01'),
(327, 9, 3, '::1', 'Mozilla/5.0 (iPhone; CPU iPhone OS 18_5 like Mac OS X) AppleWebKit/605.1.15 (KHTML, like Gecko) Version/18.5 Mobile/15E148 Safari/604.1', '2026-02-01 20:52:03'),
(328, 12, 3, '::1', 'Mozilla/5.0 (iPhone; CPU iPhone OS 18_5 like Mac OS X) AppleWebKit/605.1.15 (KHTML, like Gecko) Version/18.5 Mobile/15E148 Safari/604.1', '2026-02-01 20:52:04'),
(329, 15, 3, '::1', 'Mozilla/5.0 (iPhone; CPU iPhone OS 18_5 like Mac OS X) AppleWebKit/605.1.15 (KHTML, like Gecko) Version/18.5 Mobile/15E148 Safari/604.1', '2026-02-01 20:52:06'),
(330, 3, 3, '::1', 'Mozilla/5.0 (iPhone; CPU iPhone OS 18_5 like Mac OS X) AppleWebKit/605.1.15 (KHTML, like Gecko) Version/18.5 Mobile/15E148 Safari/604.1', '2026-02-01 20:52:07'),
(331, 14, 3, '::1', 'Mozilla/5.0 (iPhone; CPU iPhone OS 18_5 like Mac OS X) AppleWebKit/605.1.15 (KHTML, like Gecko) Version/18.5 Mobile/15E148 Safari/604.1', '2026-02-01 20:52:08'),
(332, 4, 3, '::1', 'Mozilla/5.0 (iPhone; CPU iPhone OS 18_5 like Mac OS X) AppleWebKit/605.1.15 (KHTML, like Gecko) Version/18.5 Mobile/15E148 Safari/604.1', '2026-02-01 20:52:08'),
(333, 10, 3, '::1', 'Mozilla/5.0 (iPhone; CPU iPhone OS 18_5 like Mac OS X) AppleWebKit/605.1.15 (KHTML, like Gecko) Version/18.5 Mobile/15E148 Safari/604.1', '2026-02-01 20:52:11'),
(334, 13, 3, '::1', 'Mozilla/5.0 (iPhone; CPU iPhone OS 18_5 like Mac OS X) AppleWebKit/605.1.15 (KHTML, like Gecko) Version/18.5 Mobile/15E148 Safari/604.1', '2026-02-01 20:52:13'),
(335, 6, 3, '::1', 'Mozilla/5.0 (iPhone; CPU iPhone OS 18_5 like Mac OS X) AppleWebKit/605.1.15 (KHTML, like Gecko) Version/18.5 Mobile/15E148 Safari/604.1', '2026-02-01 20:52:16'),
(336, 8, 3, '::1', 'Mozilla/5.0 (iPhone; CPU iPhone OS 18_5 like Mac OS X) AppleWebKit/605.1.15 (KHTML, like Gecko) Version/18.5 Mobile/15E148 Safari/604.1', '2026-02-01 20:52:17'),
(337, 16, 1, '::1', 'Mozilla/5.0 (Windows NT 10.0; Win64; x64) AppleWebKit/537.36 (KHTML, like Gecko) Chrome/144.0.0.0 Safari/537.36 Edg/144.0.0.0', '2026-02-02 17:30:55'),
(338, 3, 3, '::1', 'Mozilla/5.0 (Windows NT 10.0; Win64; x64) AppleWebKit/537.36 (KHTML, like Gecko) Chrome/144.0.0.0 Safari/537.36', '2026-02-02 17:33:57'),
(339, 2, 3, '::1', 'Mozilla/5.0 (Windows NT 10.0; Win64; x64) AppleWebKit/537.36 (KHTML, like Gecko) Chrome/144.0.0.0 Safari/537.36', '2026-02-02 18:35:15'),
(340, 7, 3, '::1', 'Mozilla/5.0 (iPhone; CPU iPhone OS 18_5 like Mac OS X) AppleWebKit/605.1.15 (KHTML, like Gecko) Version/18.5 Mobile/15E148 Safari/604.1', '2026-02-02 18:38:47'),
(341, 4, 3, '::1', 'Mozilla/5.0 (iPhone; CPU iPhone OS 18_5 like Mac OS X) AppleWebKit/605.1.15 (KHTML, like Gecko) Version/18.5 Mobile/15E148 Safari/604.1', '2026-02-02 18:39:28'),
(342, 17, 3, '::1', 'Mozilla/5.0 (iPhone; CPU iPhone OS 18_5 like Mac OS X) AppleWebKit/605.1.15 (KHTML, like Gecko) Version/18.5 Mobile/15E148 Safari/604.1', '2026-02-02 18:39:31'),
(343, 14, 3, '::1', 'Mozilla/5.0 (iPhone; CPU iPhone OS 18_5 like Mac OS X) AppleWebKit/605.1.15 (KHTML, like Gecko) Version/18.5 Mobile/15E148 Safari/604.1', '2026-02-02 18:42:09'),
(344, 16, 1, '::1', 'Mozilla/5.0 (Windows NT 10.0; Win64; x64) AppleWebKit/537.36 (KHTML, like Gecko) Chrome/144.0.0.0 Safari/537.36 Edg/144.0.0.0', '2026-02-08 21:49:35'),
(345, 11, 1, '::1', 'Mozilla/5.0 (Windows NT 10.0; Win64; x64) AppleWebKit/537.36 (KHTML, like Gecko) Chrome/144.0.0.0 Safari/537.36 Edg/144.0.0.0', '2026-02-08 23:09:24'),
(346, 3, 1, '::1', 'Mozilla/5.0 (Windows NT 10.0; Win64; x64) AppleWebKit/537.36 (KHTML, like Gecko) Chrome/144.0.0.0 Safari/537.36 Edg/144.0.0.0', '2026-02-08 23:18:18'),
(347, 16, 1, '::1', 'Mozilla/5.0 (Windows NT 10.0; Win64; x64) AppleWebKit/537.36 (KHTML, like Gecko) Chrome/144.0.0.0 Safari/537.36 Edg/144.0.0.0', '2026-02-08 23:18:21'),
(348, 14, 1, '::1', 'Mozilla/5.0 (Windows NT 10.0; Win64; x64) AppleWebKit/537.36 (KHTML, like Gecko) Chrome/144.0.0.0 Safari/537.36 Edg/144.0.0.0', '2026-02-08 23:18:29'),
(349, 8, 1, '::1', 'Mozilla/5.0 (Windows NT 10.0; Win64; x64) AppleWebKit/537.36 (KHTML, like Gecko) Chrome/144.0.0.0 Safari/537.36 Edg/144.0.0.0', '2026-02-08 23:26:47'),
(350, 12, 1, '::1', 'Mozilla/5.0 (Windows NT 10.0; Win64; x64) AppleWebKit/537.36 (KHTML, like Gecko) Chrome/144.0.0.0 Safari/537.36 Edg/144.0.0.0', '2026-02-08 23:26:48'),
(351, 5, 1, '::1', 'Mozilla/5.0 (Windows NT 10.0; Win64; x64) AppleWebKit/537.36 (KHTML, like Gecko) Chrome/144.0.0.0 Safari/537.36 Edg/144.0.0.0', '2026-02-08 23:26:51');

--
-- Indexes for dumped tables
--

--
-- Indexes for table `chats`
--
ALTER TABLE `chats`
  ADD PRIMARY KEY (`id`),
  ADD KEY `idx_is_group` (`is_group`),
  ADD KEY `idx_created_by` (`created_by`);

--
-- Indexes for table `chat_participants`
--
ALTER TABLE `chat_participants`
  ADD PRIMARY KEY (`id`),
  ADD UNIQUE KEY `unique_chat_user` (`chat_id`,`user_id`),
  ADD KEY `idx_chat_id` (`chat_id`),
  ADD KEY `idx_user_id` (`user_id`);

--
-- Indexes for table `comments`
--
ALTER TABLE `comments`
  ADD PRIMARY KEY (`id`),
  ADD KEY `idx_user_id` (`user_id`),
  ADD KEY `idx_video_id` (`video_id`),
  ADD KEY `idx_created_at` (`created_at`),
  ADD KEY `idx_parent` (`parent_comment_id`),
  ADD KEY `idx_video_created` (`video_id`,`created_at`);

--
-- Indexes for table `comment_likes`
--
ALTER TABLE `comment_likes`
  ADD PRIMARY KEY (`id`),
  ADD UNIQUE KEY `unique_user_comment` (`user_id`,`comment_id`),
  ADD KEY `idx_user_id` (`user_id`),
  ADD KEY `idx_comment_id` (`comment_id`);

--
-- Indexes for table `conversations`
--
ALTER TABLE `conversations`
  ADD PRIMARY KEY (`id`),
  ADD KEY `user2_id` (`user2_id`),
  ADD KEY `idx_users` (`user1_id`,`user2_id`);

--
-- Indexes for table `follows`
--
ALTER TABLE `follows`
  ADD PRIMARY KEY (`id`),
  ADD UNIQUE KEY `unique_follow` (`follower_id`,`following_id`),
  ADD KEY `idx_follower_id` (`follower_id`),
  ADD KEY `idx_following_id` (`following_id`);

--
-- Indexes for table `messages`
--
ALTER TABLE `messages`
  ADD PRIMARY KEY (`id`),
  ADD KEY `reply_to_message_id` (`reply_to_message_id`),
  ADD KEY `idx_conversation` (`conversation_id`),
  ADD KEY `idx_sender` (`sender_id`),
  ADD KEY `idx_receiver` (`receiver_id`),
  ADD KEY `idx_created` (`created_at`),
  ADD KEY `idx_status` (`status`),
  ADD KEY `idx_deleted` (`deleted_for_all`);

--
-- Indexes for table `message_reactions`
--
ALTER TABLE `message_reactions`
  ADD PRIMARY KEY (`id`),
  ADD UNIQUE KEY `unique_reaction` (`message_id`,`user_id`,`emoji`),
  ADD KEY `idx_message_reactions_message` (`message_id`),
  ADD KEY `idx_message_reactions_user` (`user_id`);

--
-- Indexes for table `notifications`
--
ALTER TABLE `notifications`
  ADD PRIMARY KEY (`id`),
  ADD KEY `idx_user_id` (`user_id`),
  ADD KEY `idx_created_at` (`created_at`),
  ADD KEY `actor_id` (`actor_id`),
  ADD KEY `idx_comment_id` (`comment_id`);

--
-- Indexes for table `shares`
--
ALTER TABLE `shares`
  ADD PRIMARY KEY (`id`),
  ADD KEY `idx_video_id` (`video_id`),
  ADD KEY `idx_user_id` (`user_id`);

--
-- Indexes for table `typing_status`
--
ALTER TABLE `typing_status`
  ADD PRIMARY KEY (`id`),
  ADD UNIQUE KEY `unique_typing` (`conversation_id`,`user_id`),
  ADD KEY `user_id` (`user_id`);

--
-- Indexes for table `users`
--
ALTER TABLE `users`
  ADD PRIMARY KEY (`id`),
  ADD UNIQUE KEY `username` (`username`),
  ADD UNIQUE KEY `email` (`email`);

--
-- Indexes for table `user_online_status`
--
ALTER TABLE `user_online_status`
  ADD PRIMARY KEY (`user_id`),
  ADD KEY `idx_online` (`is_online`,`last_seen`);

--
-- Indexes for table `videos`
--
ALTER TABLE `videos`
  ADD PRIMARY KEY (`id`),
  ADD KEY `idx_user_id` (`user_id`),
  ADD KEY `idx_created_at` (`created_at`),
  ADD KEY `idx_is_public` (`is_public`);

--
-- Indexes for table `video_likes`
--
ALTER TABLE `video_likes`
  ADD PRIMARY KEY (`id`),
  ADD UNIQUE KEY `unique_user_video` (`user_id`,`video_id`),
  ADD KEY `idx_user_id` (`user_id`),
  ADD KEY `idx_video_id` (`video_id`);

--
-- Indexes for table `video_views`
--
ALTER TABLE `video_views`
  ADD PRIMARY KEY (`id`),
  ADD KEY `idx_video_id` (`video_id`),
  ADD KEY `idx_user_id` (`user_id`),
  ADD KEY `idx_viewed_at` (`viewed_at`);

--
-- AUTO_INCREMENT for dumped tables
--

--
-- AUTO_INCREMENT for table `chats`
--
ALTER TABLE `chats`
  MODIFY `id` int(11) NOT NULL AUTO_INCREMENT, AUTO_INCREMENT=2;

--
-- AUTO_INCREMENT for table `chat_participants`
--
ALTER TABLE `chat_participants`
  MODIFY `id` int(11) NOT NULL AUTO_INCREMENT;

--
-- AUTO_INCREMENT for table `comments`
--
ALTER TABLE `comments`
  MODIFY `id` bigint(20) UNSIGNED NOT NULL AUTO_INCREMENT, AUTO_INCREMENT=215;

--
-- AUTO_INCREMENT for table `comment_likes`
--
ALTER TABLE `comment_likes`
  MODIFY `id` int(11) NOT NULL AUTO_INCREMENT, AUTO_INCREMENT=73;

--
-- AUTO_INCREMENT for table `conversations`
--
ALTER TABLE `conversations`
  MODIFY `id` int(11) NOT NULL AUTO_INCREMENT, AUTO_INCREMENT=16;

--
-- AUTO_INCREMENT for table `follows`
--
ALTER TABLE `follows`
  MODIFY `id` int(11) NOT NULL AUTO_INCREMENT, AUTO_INCREMENT=32;

--
-- AUTO_INCREMENT for table `messages`
--
ALTER TABLE `messages`
  MODIFY `id` int(11) NOT NULL AUTO_INCREMENT, AUTO_INCREMENT=172;

--
-- AUTO_INCREMENT for table `message_reactions`
--
ALTER TABLE `message_reactions`
  MODIFY `id` int(11) NOT NULL AUTO_INCREMENT, AUTO_INCREMENT=10;

--
-- AUTO_INCREMENT for table `notifications`
--
ALTER TABLE `notifications`
  MODIFY `id` int(11) NOT NULL AUTO_INCREMENT, AUTO_INCREMENT=133;

--
-- AUTO_INCREMENT for table `shares`
--
ALTER TABLE `shares`
  MODIFY `id` int(11) NOT NULL AUTO_INCREMENT;

--
-- AUTO_INCREMENT for table `typing_status`
--
ALTER TABLE `typing_status`
  MODIFY `id` int(11) NOT NULL AUTO_INCREMENT, AUTO_INCREMENT=598;

--
-- AUTO_INCREMENT for table `users`
--
ALTER TABLE `users`
  MODIFY `id` int(11) NOT NULL AUTO_INCREMENT, AUTO_INCREMENT=8;

--
-- AUTO_INCREMENT for table `videos`
--
ALTER TABLE `videos`
  MODIFY `id` int(11) NOT NULL AUTO_INCREMENT, AUTO_INCREMENT=18;

--
-- AUTO_INCREMENT for table `video_likes`
--
ALTER TABLE `video_likes`
  MODIFY `id` int(11) NOT NULL AUTO_INCREMENT, AUTO_INCREMENT=113;

--
-- AUTO_INCREMENT for table `video_views`
--
ALTER TABLE `video_views`
  MODIFY `id` int(11) NOT NULL AUTO_INCREMENT, AUTO_INCREMENT=352;

--
-- Constraints for dumped tables
--

--
-- Constraints for table `chats`
--
ALTER TABLE `chats`
  ADD CONSTRAINT `chats_ibfk_1` FOREIGN KEY (`created_by`) REFERENCES `users` (`id`) ON DELETE SET NULL;

--
-- Constraints for table `chat_participants`
--
ALTER TABLE `chat_participants`
  ADD CONSTRAINT `chat_participants_ibfk_1` FOREIGN KEY (`chat_id`) REFERENCES `chats` (`id`) ON DELETE CASCADE,
  ADD CONSTRAINT `chat_participants_ibfk_2` FOREIGN KEY (`user_id`) REFERENCES `users` (`id`) ON DELETE CASCADE;

--
-- Constraints for table `comments`
--
ALTER TABLE `comments`
  ADD CONSTRAINT `comments_ibfk_1` FOREIGN KEY (`user_id`) REFERENCES `users` (`id`) ON DELETE CASCADE,
  ADD CONSTRAINT `comments_ibfk_2` FOREIGN KEY (`video_id`) REFERENCES `videos` (`id`) ON DELETE CASCADE,
  ADD CONSTRAINT `fk_comments_parent` FOREIGN KEY (`parent_comment_id`) REFERENCES `comments` (`id`) ON DELETE CASCADE;

--
-- Constraints for table `comment_likes`
--
ALTER TABLE `comment_likes`
  ADD CONSTRAINT `comment_likes_ibfk_1` FOREIGN KEY (`user_id`) REFERENCES `users` (`id`) ON DELETE CASCADE,
  ADD CONSTRAINT `comment_likes_ibfk_2` FOREIGN KEY (`comment_id`) REFERENCES `comments` (`id`) ON DELETE CASCADE;

--
-- Constraints for table `conversations`
--
ALTER TABLE `conversations`
  ADD CONSTRAINT `conversations_ibfk_1` FOREIGN KEY (`user1_id`) REFERENCES `users` (`id`) ON DELETE CASCADE,
  ADD CONSTRAINT `conversations_ibfk_2` FOREIGN KEY (`user2_id`) REFERENCES `users` (`id`) ON DELETE CASCADE;

--
-- Constraints for table `follows`
--
ALTER TABLE `follows`
  ADD CONSTRAINT `follows_ibfk_1` FOREIGN KEY (`follower_id`) REFERENCES `users` (`id`) ON DELETE CASCADE,
  ADD CONSTRAINT `follows_ibfk_2` FOREIGN KEY (`following_id`) REFERENCES `users` (`id`) ON DELETE CASCADE;

--
-- Constraints for table `messages`
--
ALTER TABLE `messages`
  ADD CONSTRAINT `messages_ibfk_1` FOREIGN KEY (`conversation_id`) REFERENCES `conversations` (`id`) ON DELETE CASCADE,
  ADD CONSTRAINT `messages_ibfk_2` FOREIGN KEY (`sender_id`) REFERENCES `users` (`id`) ON DELETE CASCADE,
  ADD CONSTRAINT `messages_ibfk_3` FOREIGN KEY (`receiver_id`) REFERENCES `users` (`id`) ON DELETE CASCADE,
  ADD CONSTRAINT `messages_ibfk_4` FOREIGN KEY (`reply_to_message_id`) REFERENCES `messages` (`id`) ON DELETE SET NULL;

--
-- Constraints for table `message_reactions`
--
ALTER TABLE `message_reactions`
  ADD CONSTRAINT `message_reactions_ibfk_1` FOREIGN KEY (`message_id`) REFERENCES `messages` (`id`) ON DELETE CASCADE,
  ADD CONSTRAINT `message_reactions_ibfk_2` FOREIGN KEY (`user_id`) REFERENCES `users` (`id`) ON DELETE CASCADE;

--
-- Constraints for table `notifications`
--
ALTER TABLE `notifications`
  ADD CONSTRAINT `notifications_ibfk_1` FOREIGN KEY (`user_id`) REFERENCES `users` (`id`) ON DELETE CASCADE,
  ADD CONSTRAINT `notifications_ibfk_2` FOREIGN KEY (`actor_id`) REFERENCES `users` (`id`) ON DELETE CASCADE;

--
-- Constraints for table `shares`
--
ALTER TABLE `shares`
  ADD CONSTRAINT `shares_ibfk_1` FOREIGN KEY (`video_id`) REFERENCES `videos` (`id`) ON DELETE CASCADE,
  ADD CONSTRAINT `shares_ibfk_2` FOREIGN KEY (`user_id`) REFERENCES `users` (`id`) ON DELETE CASCADE;

--
-- Constraints for table `typing_status`
--
ALTER TABLE `typing_status`
  ADD CONSTRAINT `typing_status_ibfk_1` FOREIGN KEY (`conversation_id`) REFERENCES `conversations` (`id`) ON DELETE CASCADE,
  ADD CONSTRAINT `typing_status_ibfk_2` FOREIGN KEY (`user_id`) REFERENCES `users` (`id`) ON DELETE CASCADE;

--
-- Constraints for table `user_online_status`
--
ALTER TABLE `user_online_status`
  ADD CONSTRAINT `user_online_status_ibfk_1` FOREIGN KEY (`user_id`) REFERENCES `users` (`id`) ON DELETE CASCADE;

--
-- Constraints for table `videos`
--
ALTER TABLE `videos`
  ADD CONSTRAINT `videos_ibfk_1` FOREIGN KEY (`user_id`) REFERENCES `users` (`id`) ON DELETE CASCADE;

--
-- Constraints for table `video_likes`
--
ALTER TABLE `video_likes`
  ADD CONSTRAINT `video_likes_ibfk_1` FOREIGN KEY (`user_id`) REFERENCES `users` (`id`) ON DELETE CASCADE,
  ADD CONSTRAINT `video_likes_ibfk_2` FOREIGN KEY (`video_id`) REFERENCES `videos` (`id`) ON DELETE CASCADE;

--
-- Constraints for table `video_views`
--
ALTER TABLE `video_views`
  ADD CONSTRAINT `video_views_ibfk_1` FOREIGN KEY (`video_id`) REFERENCES `videos` (`id`) ON DELETE CASCADE,
  ADD CONSTRAINT `video_views_ibfk_2` FOREIGN KEY (`user_id`) REFERENCES `users` (`id`) ON DELETE SET NULL;
COMMIT;

/*!40101 SET CHARACTER_SET_CLIENT=@OLD_CHARACTER_SET_CLIENT */;
/*!40101 SET CHARACTER_SET_RESULTS=@OLD_CHARACTER_SET_RESULTS */;
/*!40101 SET COLLATION_CONNECTION=@OLD_COLLATION_CONNECTION */;

-- ============================================================
-- UTILITÁRIO: Recalcular todos os contadores (executar se necessário)
-- Os contadores são atualizados via PHP, mas este bloco corrige inconsistências
-- ============================================================

-- Recalcular comments_count nos vídeos
UPDATE videos v SET comments_count = (SELECT COUNT(*) FROM comments c WHERE c.video_id = v.id);

-- Recalcular likes_count nos vídeos
UPDATE videos v SET likes_count = (SELECT COUNT(*) FROM video_likes vl WHERE vl.video_id = v.id);

-- Recalcular likes_count nos comentários
UPDATE comments c SET likes_count = (SELECT COUNT(*) FROM comment_likes cl WHERE cl.comment_id = c.id);

-- Recalcular followers_count nos utilizadores
UPDATE users u SET followers_count = (SELECT COUNT(*) FROM follows f WHERE f.following_id = u.id);

-- Recalcular following_count nos utilizadores
UPDATE users u SET following_count = (SELECT COUNT(*) FROM follows f WHERE f.follower_id = u.id);

-- Recalcular videos_count nos utilizadores
UPDATE users u SET videos_count = (SELECT COUNT(*) FROM videos v WHERE v.user_id = u.id AND v.is_public = 1);
